Company,Symbol,Date,Segment,Call,Price
Apple (AAPL),AAPL,2018-01-02,D,1,$172.26
AutoNation (AN),AN,2018-01-02,D,2,$52.47
Boeing (BA),BA,2018-01-02,D,1,$296.84
Best Buy (BBY),BBY,2018-01-02,D,2,$69.16
Caterpillar (CAT),CAT,2018-01-02,D,1,$157.04
Carvana (CVNA),CVNA,2018-01-02,D,4,$18.31
Enterprise Products Partn (EPD),EPD,2018-01-02,D,1,$26.88
Meta (FB),FB,2018-01-02,D,1,$181.42
FedEx (FDX),FDX,2018-01-02,D,1,$257.60
Carmax (KMX),KMX,2018-01-02,F,1,$64.76
L Brands (LB),LB,2018-01-02,D,2,$59.89
Macy's (M),M,2018-01-02,D,2,$26.31
Magellan Midstream Partne (MMP),MMP,2018-01-02,D,1,$71.01
Netflix (NFLX),NFLX,2018-01-02,D,1,$201.07
Schlumberger (SLB),SLB,2018-01-02,D,1,$69.52
United Parcel Service (UPS),UPS,2018-01-02,D,1,$123.67
Visa (V),V,2018-01-02,D,1,$114.51
VMware (VMW),VMW,2018-01-02,D,1,$127.29
Walmart (WMT),WMT,2018-01-02,D,1,$98.59
Dominion Energy (D),D,2018-01-03,D,1,$77.19
Dicks Sporting Goods (DKS),DKS,2018-01-03,D,1,$30.28
General Electric (GE),GE,2018-01-03,D,4,$18.15
IBM (IBM),IBM,2018-01-03,D,1,$158.49
MindBody (MB),MB,2018-01-03,I,1,$32.05
Magellan Midstream Partne (MMP),MMP,2018-01-03,D,1,$72.96
Merck (MRK),MRK,2018-01-03,D,4,$56.14
Nucor (NUE),NUE,2018-01-03,D,2,$67.39
Dave and Busters (PLAY),PLAY,2018-01-03,D,1,$55.90
Children's Place (PLCE),PLCE,2018-01-03,F,1,$149.05
Ulta Beauty (ULTA),ULTA,2018-01-03,D,1,$245.12
United Parcel Service (UPS),UPS,2018-01-03,D,2,$126.41
Verizon (VZ),VZ,2018-01-03,D,4,$52.43
Wells Fargo (WFC),WFC,2018-01-03,D,2,$61.56
Waste Management (WM),WM,2018-01-03,D,1,$87.35
Exxon Mobil (XOM),XOM,2018-01-03,D,4,$86.70
Adobe Systems (ADBE),ADBE,2018-01-04,D,2,$183.22
Align Technology (ALGN),ALGN,2018-01-04,D,1,$233.30
Boeing (BA),BA,2018-01-04,D,1,$296.67
Bank of America (BAC),BAC,2018-01-04,D,1,$30.19
Salesforce (CRM),CRM,2018-01-04,D,2,$106.68
Dominion Energy (D),D,2018-01-04,I,1,$76.83
D R Horton (DHI),DHI,2018-01-04,D,5,$52.07
Domino's Pizza (DPZ),DPZ,2018-01-04,D,1,$197.29
International Paper (IP),IP,2018-01-04,D,1,$61.58
JPMorgan Chase (JPM),JPM,2018-01-04,D,1,$109.04
Micron Technology (MU),MU,2018-01-04,D,4,$46.88
NRG Energy (NRG),NRG,2018-01-04,D,4,$28.55
NVIDIA (NVDA),NVDA,2018-01-04,D,1,$213.59
Pulte Homes (PHM),PHM,2018-01-04,D,5,$33.83
Planet Fitness (PLNT),PLNT,2018-01-04,I,1,$32.51
PayPal (PYPL),PYPL,2018-01-04,D,1,$76.73
Vertex Pharmaceuticals (VRTX),VRTX,2018-01-04,D,1,$153.07
Workday (WDAY),WDAY,2018-01-04,D,2,$109.25
Wells Fargo (WFC),WFC,2018-01-04,D,1,$62.33
Wynn Resorts (WYNN),WYNN,2018-01-04,D,1,$163.40
Advance Auto Parts (AAP),AAP,2018-01-05,D,2,$112.18
Allergan (AGN),AGN,2018-01-05,D,1,$172.29
BlackRock (BLK),BLK,2018-01-05,D,1,$525.57
Chesapeake Energy (CHK),CHK,2018-01-05,D,5,$3.99
Dominion Energy (D),D,2018-01-05,D,1,$76.84
Foot Locker (FL),FL,2018-01-05,D,2,$46.96
General Electric (GE),GE,2018-01-05,D,4,$18.54
Canada Goose (GOOS),GOOS,2018-01-05,D,2,$33.43
Home Depot (HD),HD,2018-01-05,D,2,$192.50
Intel (INTC),INTC,2018-01-05,D,1,$44.74
JPMorgan Chase (JPM),JPM,2018-01-05,D,1,$108.34
KB Home (KBH),KBH,2018-01-05,D,2,$33.40
Lennar (LEN),LEN,2018-01-05,D,2,$67.58
Mattel (MAT),MAT,2018-01-05,D,2,$16.26
NVIDIA (NVDA),NVDA,2018-01-05,D,1,$215.40
PNC Financial (PNC),PNC,2018-01-05,D,1,$144.78
Range Resources (RRC),RRC,2018-01-05,D,5,$16.76
SCANA (SCG),SCG,2018-01-05,D,5,$45.02
Schnitzer Steel (SCHN),SCHN,2018-01-05,D,2,$35.45
Signet Jewelers (SIG),SIG,2018-01-05,D,5,$56.93
Constellation Brands (STZ),STZ,2018-01-05,I,1,$219.88
Tesla (TSLA),TSLA,2018-01-05,D,2,$316.58
Under Armour (UAA),UAA,2018-01-05,D,2,$15.87
Wells Fargo (WFC),WFC,2018-01-05,D,1,$62.75
Wyndham Worldwide (WYN),WYN,2018-01-05,F,1,$112.44
Alkermes (ALKS),ALKS,2018-01-08,I,1,$53.61
Caterpillar (CAT),CAT,2018-01-08,D,1,$166.03
Exact Sciences (EXAS),EXAS,2018-01-08,I,1,$49.91
3M (MMM),MMM,2018-01-08,D,2,$239.79
Micron Technology (MU),MU,2018-01-08,F,4,$45.55
Tesla (TSLA),TSLA,2018-01-08,D,2,$336.41
United Technologies (UTX),UTX,2018-01-08,D,1,$132.82
Walmart (WMT),WMT,2018-01-08,D,2,$101.61
Canada Goose (GOOS),GOOS,2018-01-09,I,1,$33.21
Kohl's (KSS),KSS,2018-01-09,I,1,$57.02
Norwegian Cruise Line (NCLH),NCLH,2018-01-09,D,1,$54.94
Children's Place (PLCE),PLCE,2018-01-09,I,1,$149.75
Target (TGT),TGT,2018-01-09,D,1,$69.14
Activision Blizzard (ATVI),ATVI,2018-01-10,F,1,$66.83
Tableau Software (DATA),DATA,2018-01-10,I,1,$72.69
Domino's Pizza (DPZ),DPZ,2018-01-10,I,1,$200.09
Electronic Arts (EA),EA,2018-01-10,F,1,$112.25
Take-Two Interactive (TTWO),TTWO,2018-01-10,F,1,$115.55
Apache (APA),APA,2018-01-11,D,2,$46.00
Anadarko Petroleum (APC),APC,2018-01-11,D,2,$58.50
Boeing (BA),BA,2018-01-11,D,1,$328.12
Bank of America (BAC),BAC,2018-01-11,D,2,$30.66
Chevron (CVX),CVX,2018-01-11,D,1,$132.57
Delta Air Lines (DAL),DAL,2018-01-11,D,1,$58.52
Denny's (DENN),DENN,2018-01-11,I,1,$14.44
Discovery Communications (DISCA),DISCA,2018-01-11,D,1,$24.01
JPMorgan Chase (JPM),JPM,2018-01-11,D,2,$110.84
Kohl's (KSS),KSS,2018-01-11,D,1,$61.12
Netflix (NFLX),NFLX,2018-01-11,D,1,$217.24
Children's Place (PLCE),PLCE,2018-01-11,D,1,$157.40
PNC Financial (PNC),PNC,2018-01-11,D,2,$151.49
Pioneer Natural Resources (PXD),PXD,2018-01-11,D,2,$184.17
United Technologies (UTX),UTX,2018-01-11,D,1,$134.99
Viacom (VIAB),VIAB,2018-01-11,D,1,$30.81
Wells Fargo (WFC),WFC,2018-01-11,D,2,$63.01
Apple (AAPL),AAPL,2018-01-12,D,1,$177.09
Alder BioPharmaceuticals (ALDR),ALDR,2018-01-12,I,1,$17.85
Bank of America (BAC),BAC,2018-01-12,D,1,$31.19
Citigroup (C),C,2018-01-12,D,1,$76.84
CSX (CSX),CSX,2018-01-12,D,1,$59.25
Meta (FB),FB,2018-01-12,D,1,$179.37
Goldman Sachs (GS),GS,2018-01-12,D,1,$257.03
IBM (IBM),IBM,2018-01-12,D,2,$163.14
Las Vegas Sands (LVS),LVS,2018-01-12,D,2,$71.02
MGM Resorts (MGM),MGM,2018-01-12,D,1,$35.03
Morgan Stanley (MS),MS,2018-01-12,D,1,$55.12
Netflix (NFLX),NFLX,2018-01-12,D,1,$221.23
PPG Industries (PPG),PPG,2018-01-12,D,1,$118.17
Schlumberger (SLB),SLB,2018-01-12,D,1,$77.97
UnitedHealth Group (UNH),UNH,2018-01-12,D,1,$228.64
Wynn Resorts (WYNN),WYNN,2018-01-12,D,1,$165.54
Apple (AAPL),AAPL,2018-01-16,D,1,$176.19
Allergan (AGN),AGN,2018-01-16,D,4,$178.66
Alder BioPharmaceuticals (ALDR),ALDR,2018-01-16,D,1,$16.90
Atara Biotherapeutics (ATRA),ATRA,2018-01-16,D,1,$27.55
Axon Enterprise (AXON),AXON,2018-01-16,D,4,$2.11
Boeing (BA),BA,2018-01-16,F,1,$335.16
Coherus Biosciences (CHRS),CHRS,2018-01-16,D,4,$12.60
Clovis Oncology (CLVS),CLVS,2018-01-16,D,2,$55.41
Intuitive Surgical (ISRG),ISRG,2018-01-16,D,1,$420.07
JPMorgan Chase (JPM),JPM,2018-01-16,D,1,$112.27
Microsoft (MSFT),MSFT,2018-01-16,D,1,$88.35
Netflix (NFLX),NFLX,2018-01-16,D,4,$221.53
NVIDIA (NVDA),NVDA,2018-01-16,D,4,$220.11
Tesaro (TSRO),TSRO,2018-01-16,D,4,$65.52
Wells Fargo (WFC),WFC,2018-01-16,D,1,$62.50
Apple (AAPL),AAPL,2018-01-17,F,1,$179.10
Activision Blizzard (ATVI),ATVI,2018-01-17,D,1,$70.36
Bank of America (BAC),BAC,2018-01-17,F,2,$31.18
Citigroup (C),C,2018-01-17,F,2,$77.47
Darden Restaurants (DRI),DRI,2018-01-17,D,1,$97.46
Goldman Sachs (GS),GS,2018-01-17,F,2,$253.65
Home Depot (HD),HD,2018-01-17,D,1,$199.82
JPMorgan Chase (JPM),JPM,2018-01-17,F,1,$112.99
Lowe's (LOW),LOW,2018-01-17,D,2,$101.68
Splunk (SPLK),SPLK,2018-01-17,I,1,$90.57
Tellurian (TELL),TELL,2018-01-17,I,1,$11.67
Tiffany & Co (TIF),TIF,2018-01-17,D,2,$108.99
Wells Fargo (WFC),WFC,2018-01-17,F,4,$63.88
ASML Holdings (ASML),ASML,2018-01-18,D,1,$203.36
Boeing (BA),BA,2018-01-18,D,1,$340.16
Goldman Sachs (GS),GS,2018-01-18,D,1,$250.97
IBM (IBM),IBM,2018-01-18,I,1,$169.12
PPG Industries (PPG),PPG,2018-01-18,I,1,$118.41
UnitedHealth Group (UNH),UNH,2018-01-18,D,1,$243.16
Walmart (WMT),WMT,2018-01-18,D,1,$104.30
Apple (AAPL),AAPL,2018-01-19,D,1,$178.46
Caterpillar (CAT),CAT,2018-01-19,D,1,$170.41
Colgate-Palmolive (CL),CL,2018-01-19,D,2,$77.50
Costco (COST),COST,2018-01-19,D,1,$192.29
General Electric (GE),GE,2018-01-19,D,5,$16.26
Goldman Sachs (GS),GS,2018-01-19,F,1,$256.12
Halliburton (HAL),HAL,2018-01-19,D,1,$53.01
Honeywell (HON),HON,2018-01-19,D,1,$158.69
Intel (INTC),INTC,2018-01-19,D,2,$44.82
Iridium Communications (IRDM),IRDM,2018-01-19,M,5,$12.60
Johnson & Johnson (JNJ),JNJ,2018-01-19,D,1,$147.36
Macquarie Infrastructure (MIC),MIC,2018-01-19,M,1,$64.16
Netflix (NFLX),NFLX,2018-01-19,D,1,$220.46
Procter & Gamble (PG),PG,2018-01-19,D,4,$91.07
Starbucks (SBUX),SBUX,2018-01-19,D,4,$61.26
Stanley Black & Decker (SWK),SWK,2018-01-19,D,1,$175.91
Travelers Companies (TRV),TRV,2018-01-19,D,1,$137.85
USA Technologies (USAT),USAT,2018-01-19,M,4,$9.30
United Technologies (UTX),UTX,2018-01-19,D,1,$135.90
Verizon (VZ),VZ,2018-01-19,D,4,$51.91
World Wrestling Entertain (WWE),WWE,2018-01-19,I,1,$33.85
Automatic Data Processing (ADP),ADP,2018-01-22,D,1,$122.77
ADT (ADT),ADT,2018-01-22,D,5,$11.19
Blue Apron (APRN),APRN,2018-01-22,D,5,$3.18
Boeing (BA),BA,2018-01-22,D,1,$339.19
Caterpillar (CAT),CAT,2018-01-22,D,1,$170.19
Cummins (CMI),CMI,2018-01-22,D,1,$189.16
Cintas (CTAS),CTAS,2018-01-22,D,1,$165.14
Goldman Sachs (GS),GS,2018-01-22,D,1,$260.55
Halliburton (HAL),HAL,2018-01-22,D,1,$56.33
Honeywell (HON),HON,2018-01-22,D,1,$158.21
Kohl's (KSS),KSS,2018-01-22,D,1,$67.89
Lockheed Martin (LMT),LMT,2018-01-22,D,1,$329.79
Netflix (NFLX),NFLX,2018-01-22,D,1,$227.58
Paychex (PAYX),PAYX,2018-01-22,D,1,$69.70
Raytheon (RTN),RTN,2018-01-22,D,1,$196.04
Schlumberger (SLB),SLB,2018-01-22,D,1,$79.64
Target (TGT),TGT,2018-01-22,D,1,$78.43
UnitedHealth Group (UNH),UNH,2018-01-22,D,1,$242.98
United Technologies (UTX),UTX,2018-01-22,D,1,$134.83
Walmart (WMT),WMT,2018-01-22,D,1,$105.16
Wynn Resorts (WYNN),WYNN,2018-01-22,D,1,$195.23
Bank of America (BAC),BAC,2018-01-23,D,1,$31.92
Caterpillar (CAT),CAT,2018-01-23,D,1,$169.43
Meta (FB),FB,2018-01-23,D,1,$189.35
IBM (IBM),IBM,2018-01-23,D,1,$166.25
Johnson & Johnson (JNJ),JNJ,2018-01-23,D,1,$141.83
Netflix (NFLX),NFLX,2018-01-23,F,1,$250.29
Procter & Gamble (PG),PG,2018-01-23,D,1,$89.05
Constellation Brands (STZ),STZ,2018-01-23,D,1,$220.78
TE Connectivity (TEL),TEL,2018-01-23,F,1,$100.70
Apple (AAPL),AAPL,2018-01-24,D,1,$174.22
First Horizon National (FHN),FHN,2018-01-24,I,1,$20.29
General Electric (GE),GE,2018-01-24,D,4,$16.44
Illinois Tool Works (ITW),ITW,2018-01-24,I,1,$173.76
Logitech International (LOGI),LOGI,2018-01-24,I,1,$42.36
Lam Research (LRCX),LRCX,2018-01-24,D,1,$209.73
Procter & Gamble (PG),PG,2018-01-24,D,2,$88.31
United Continental (UAL),UAL,2018-01-24,D,4,$69.05
Apple (AAPL),AAPL,2018-01-26,D,1,$171.51
Advanced Micro Devices (AMD),AMD,2018-01-26,D,1,$12.95
Amgen (AMGN),AMGN,2018-01-26,D,1,$196.01
Boeing (BA),BA,2018-01-26,D,1,$343.22
Alibaba (BABA),BABA,2018-01-26,D,1,$205.22
Chevron (CVX),CVX,2018-01-26,D,2,$131.19
Diamondback Energy (FANG),FANG,2018-01-26,F,1,$130.09
Meta (FB),FB,2018-01-26,D,4,$190.00
Intel (INTC),INTC,2018-01-26,D,2,$50.08
Lockheed Martin (LMT),LMT,2018-01-26,D,1,$344.90
Logitech International (LOGI),LOGI,2018-01-26,D,1,$43.38
Lam Research (LRCX),LRCX,2018-01-26,I,1,$202.57
McDonald's (MCD),MCD,2018-01-26,D,1,$178.36
3M (MMM),MMM,2018-01-26,F,1,$258.63
Microsoft (MSFT),MSFT,2018-01-26,D,1,$94.06
Pfizer (PFE),PFE,2018-01-26,D,4,$39.01
Exxon Mobil (XOM),XOM,2018-01-26,D,4,$89.00
Apple (AAPL),AAPL,2018-01-29,D,1,$167.96
American Electric Power (AEP),AEP,2018-01-29,I,1,$67.90
Amgen (AMGN),AMGN,2018-01-29,D,5,$198.00
Cardinal Health (CAH),CAH,2018-01-29,D,1,$75.23
Centene (CNC),CNC,2018-01-29,D,1,$111.27
JPMorgan Chase (JPM),JPM,2018-01-29,D,1,$116.20
Netflix (NFLX),NFLX,2018-01-29,D,2,$284.59
Whirlpool (WHR),WHR,2018-01-29,F,1,$182.50
Wynn Resorts (WYNN),WYNN,2018-01-29,F,5,$163.48
Centene (CNC),CNC,2018-01-30,D,1,$108.69
Nucor (NUE),NUE,2018-01-30,I,1,$66.82
Trex (TREX),TREX,2018-01-30,I,1,$112.10
Valley National Bancorp (VLY),VLY,2018-01-30,I,1,$12.52
AbbVie (ABBV),ABBV,2018-01-31,F,1,$112.22
Automatic Data Processing (ADP),ADP,2018-01-31,I,1,$123.63
Advanced Micro Devices (AMD),AMD,2018-01-31,D,1,$13.74
Boeing (BA),BA,2018-01-31,D,1,$354.37
Biogen Idec (BIIB),BIIB,2018-01-31,F,1,$347.81
Caterpillar (CAT),CAT,2018-01-31,D,1,$162.78
Chubb (CB),CB,2018-01-31,I,1,$156.15
Centene (CNC),CNC,2018-01-31,D,1,$107.24
Electronic Arts (EA),EA,2018-01-31,D,1,$126.96
Harris (HRS),HRS,2018-01-31,D,1,$159.38
Eli Lilly (LLY),LLY,2018-01-31,D,4,$81.45
Lockheed Martin (LMT),LMT,2018-01-31,D,1,$354.85
ServiceNow (NOW),NOW,2018-01-31,D,1,$148.87
Raytheon (RTN),RTN,2018-01-31,D,1,$208.94
Take-Two Interactive (TTWO),TTWO,2018-01-31,D,1,$126.67
United Rentals (URI),URI,2018-01-31,D,1,$181.11
Workday (WDAY),WDAY,2018-01-31,D,1,$119.89
Apple (AAPL),AAPL,2018-02-01,D,1,$167.78
Boeing (BA),BA,2018-02-01,D,1,$356.94
Meta (FB),FB,2018-02-01,D,1,$193.09
Idexx Laboratories (IDXX),IDXX,2018-02-01,D,1,$193.95
Mastercard (MA),MA,2018-02-01,D,1,$172.93
Marathon Petroleum (MPC),MPC,2018-02-01,I,1,$68.69
MPLX (MPLX),MPLX,2018-02-01,D,1,$37.95
ServiceNow (NOW),NOW,2018-02-01,I,1,$152.81
NVIDIA (NVDA),NVDA,2018-02-01,D,1,$240.50
Zebra Technologies (ZBRA),ZBRA,2018-02-01,F,1,$121.50
Apple (AAPL),AAPL,2018-02-02,D,4,$160.50
Clorox (CLX),CLX,2018-02-02,D,2,$130.91
Walt Disney (DIS),DIS,2018-02-02,D,1,$108.70
3M (MMM),MMM,2018-02-02,D,1,$245.17
Apple (AAPL),AAPL,2018-02-05,D,2,$156.49
Cypress Semiconductor (CY),CY,2018-02-05,I,1,$15.70
Henry Schein (HSIC),HSIC,2018-02-05,D,4,$71.80
International Paper (IP),IP,2018-02-05,D,1,$59.44
Johnson & Johnson (JNJ),JNJ,2018-02-05,D,1,$130.39
JPMorgan Chase (JPM),JPM,2018-02-05,D,1,$108.80
Procter & Gamble (PG),PG,2018-02-05,D,1,$81.06
WestRock (WRK),WRK,2018-02-05,D,1,$63.96
Apple (AAPL),AAPL,2018-02-06,F,1,$163.03
Core Labs (CLB),CLB,2018-02-06,I,1,$113.47
Meta (FB),FB,2018-02-06,D,1,$185.31
Netflix (NFLX),NFLX,2018-02-06,D,1,$265.72
Clorox (CLX),CLX,2018-02-07,I,1,$127.82
Walt Disney (DIS),DIS,2018-02-07,D,1,$104.76
Hasbro (HAS),HAS,2018-02-07,I,1,$102.22
Snap (SNAP),SNAP,2018-02-07,D,1,$20.75
AbbVie (ABBV),ABBV,2018-02-08,D,1,$108.48
Berkshire Hathaway (BRK.B),BRK.B,2018-02-08,D,1,$191.42
Meta (FB),FB,2018-02-08,D,1,$171.58
JPMorgan Chase (JPM),JPM,2018-02-08,D,1,$107.88
Netflix (NFLX),NFLX,2018-02-08,D,1,$250.10
NVIDIA (NVDA),NVDA,2018-02-08,D,1,$217.52
Regeneron Pharmaceuticals (REGN),REGN,2018-02-08,D,1,$322.62
WestRock (WRK),WRK,2018-02-08,F,1,$60.93
Apple (AAPL),AAPL,2018-02-09,D,1,$156.41
Applied Materials (AMAT),AMAT,2018-02-09,D,1,$48.08
Caterpillar (CAT),CAT,2018-02-09,D,4,$149.21
Cisco Systems (CSCO),CSCO,2018-02-09,D,1,$39.53
Chevron (CVX),CVX,2018-02-09,D,4,$113.50
Deere & Company (DE),DE,2018-02-09,D,1,$154.93
General Electric (GE),GE,2018-02-09,D,5,$14.94
Intel (INTC),INTC,2018-02-09,D,1,$43.95
Johnson & Johnson (JNJ),JNJ,2018-02-09,D,1,$129.53
Kraft Heinz (KHC),KHC,2018-02-09,D,1,$71.38
Coca-Cola (KO),KO,2018-02-09,D,1,$43.13
Marriott International (MAR),MAR,2018-02-09,D,1,$136.29
3M (MMM),MMM,2018-02-09,I,1,$225.21
Merck (MRK),MRK,2018-02-09,D,4,$54.87
NVIDIA (NVDA),NVDA,2018-02-09,D,1,$232.08
Newell Brands (NWL),NWL,2018-02-09,D,1,$27.61
Pepsico (PEP),PEP,2018-02-09,D,1,$111.18
Pfizer (PFE),PFE,2018-02-09,D,4,$34.16
Proofpoint (PFPT),PFPT,2018-02-09,I,1,$97.05
Under Armour (UAA),UAA,2018-02-09,D,2,$13.75
Waste Management (WM),WM,2018-02-09,D,1,$80.10
Exxon Mobil (XOM),XOM,2018-02-09,D,4,$75.78
Apple (AAPL),AAPL,2018-02-26,D,1,$178.97
AutoZone (AZO),AZO,2018-02-26,D,4,$735.90
Boeing (BA),BA,2018-02-26,D,1,$363.48
Best Buy (BBY),BBY,2018-02-26,D,1,$72.57
Anheuser-Busch InBev (BUD),BUD,2018-02-26,D,4,$109.00
Caterpillar (CAT),CAT,2018-02-26,D,1,$163.69
Salesforce (CRM),CRM,2018-02-26,D,1,$116.65
EOG Resources (EOG),EOG,2018-02-26,D,4,$109.49
Foot Locker (FL),FL,2018-02-26,D,1,$49.32
General Mills (GIS),GIS,2018-02-26,F,1,$51.42
Home Depot (HD),HD,2018-02-26,D,1,$188.46
Honeywell (HON),HON,2018-02-26,D,1,$156.50
JC Penney (JCP),JCP,2018-02-26,D,4,$4.16
JPMorgan Chase (JPM),JPM,2018-02-26,D,1,$118.77
Nordstrom (JWN),JWN,2018-02-26,D,1,$52.40
Kohl's (KSS),KSS,2018-02-26,D,1,$67.10
Lowe's (LOW),LOW,2018-02-26,D,1,$97.51
Macy's (M),M,2018-02-26,D,1,$27.45
NovoCure (NVCR),NVCR,2018-02-26,I,1,$20.70
Block (SQ),SQ,2018-02-26,D,2,$46.55
TJX Companies (TJX),TJX,2018-02-26,D,4,$78.85
VMware (VMW),VMW,2018-02-26,D,1,$128.66
Workday (WDAY),WDAY,2018-02-26,D,1,$127.80
Broadcom (AVGO),AVGO,2018-02-27,D,2,$251.81
Comcast (CMCSA),CMCSA,2018-02-27,D,2,$36.66
Walt Disney (DIS),DIS,2018-02-27,D,2,$104.87
Hewlett Packard Enterpris (HPE),HPE,2018-02-27,D,1,$18.82
HP (HPQ),HPQ,2018-02-27,F,1,$23.52
Macy's (M),M,2018-02-27,F,1,$28.40
Micron Technology (MU),MU,2018-02-27,D,1,$48.58
Wayfair (W),W,2018-02-27,F,4,$76.27
Apple (AAPL),AAPL,2018-02-28,D,1,$178.12
Boeing (BA),BA,2018-02-28,D,1,$362.21
Salesforce (CRM),CRM,2018-02-28,I,1,$116.25
Home Depot (HD),HD,2018-02-28,D,1,$182.27
Lowe's (LOW),LOW,2018-02-28,D,2,$89.59
Papa Johns Pizza (PZZA),PZZA,2018-02-28,F,2,$57.74
TJX Companies (TJX),TJX,2018-02-28,D,2,$82.68
Under Armour (UAA),UAA,2018-02-28,I,1,$16.58
Apple (AAPL),AAPL,2018-03-01,D,1,$175.00
Berkshire Hathaway (BRK.B),BRK.B,2018-03-01,D,1,$201.53
ConAgra Foods (CAG),CAG,2018-03-01,I,1,$36.40
Celgene (CELG),CELG,2018-03-01,D,4,$87.19
Salesforce (CRM),CRM,2018-03-01,D,1,$119.43
Exact Sciences (EXAS),EXAS,2018-03-01,D,4,$43.76
Federal Realty Investment (FRT),FRT,2018-03-01,D,5,$115.95
Cedar Fair (FUN),FUN,2018-03-01,D,1,$66.46
Netflix (NFLX),NFLX,2018-03-01,D,1,$290.39
Tanger Factory Outlet Cen (SKT),SKT,2018-03-01,D,5,$22.49
Simon Property Group (SPG),SPG,2018-03-01,D,5,$154.94
Costco (COST),COST,2018-03-02,D,2,$189.33
Cronos Group (CRON),CRON,2018-03-02,M,5,$9.40
Dollar Tree (DLTR),DLTR,2018-03-02,D,2,$104.41
Darden Restaurants (DRI),DRI,2018-03-02,M,1,$95.47
Barrick Gold (GOLD),GOLD,2018-03-02,I,1,$81.83
Kroger (KR),KR,2018-03-02,D,5,$27.35
McDonald's (MCD),MCD,2018-03-02,M,1,$148.27
Ross Stores (ROST),ROST,2018-03-02,D,1,$78.42
Target (TGT),TGT,2018-03-02,D,2,$75.15
Thor Industries (THO),THO,2018-03-02,D,4,$120.45
TJX Companies (TJX),TJX,2018-03-02,D,1,$83.65
Walmart (WMT),WMT,2018-03-02,M,4,$88.77
Applied Materials (AMAT),AMAT,2018-03-05,D,1,$57.63
Domino's Pizza (DPZ),DPZ,2018-03-05,I,1,$219.61
HP (HPQ),HPQ,2018-03-05,D,1,$23.69
Intel (INTC),INTC,2018-03-05,D,1,$49.75
Lam Research (LRCX),LRCX,2018-03-05,D,1,$198.70
Micron Technology (MU),MU,2018-03-05,D,1,$52.03
Nucor (NUE),NUE,2018-03-05,I,2,$67.86
NVIDIA (NVDA),NVDA,2018-03-05,D,1,$235.65
Trinseo (TSE),TSE,2018-03-05,F,1,$79.30
Western Digital (WDC),WDC,2018-03-05,D,1,$89.95
Cummins (CMI),CMI,2018-03-06,D,1,$160.65
Costco (COST),COST,2018-03-06,D,1,$191.46
General Dynamics (GD),GD,2018-03-06,D,1,$224.81
Intel (INTC),INTC,2018-03-06,D,1,$50.71
Nordstrom (JWN),JWN,2018-03-06,D,1,$52.49
Lam Research (LRCX),LRCX,2018-03-06,I,1,$207.94
Macy's (M),M,2018-03-06,D,1,$30.36
Micron Technology (MU),MU,2018-03-06,D,1,$53.74
Paccar (PCAR),PCAR,2018-03-06,D,1,$69.91
Pegasystems (PEGA),PEGA,2018-03-06,I,1,$60.85
Raytheon (RTN),RTN,2018-03-06,D,1,$213.24
Constellation Brands (STZ),STZ,2018-03-06,D,1,$222.56
TJX Companies (TJX),TJX,2018-03-06,D,1,$84.39
United Rentals (URI),URI,2018-03-06,D,1,$184.99
Western Digital (WDC),WDC,2018-03-06,D,1,$93.80
American Electric Power (AEP),AEP,2018-03-07,D,1,$64.92
The Blackstone Group (BX),BX,2018-03-07,D,4,$33.21
Dominion Energy (D),D,2018-03-07,D,1,$72.89
Dollar Tree (DLTR),DLTR,2018-03-07,D,1,$89.25
Consolidated Edison (ED),ED,2018-03-07,D,1,$74.48
General Electric (GE),GE,2018-03-07,D,4,$14.51
JPMorgan Chase (JPM),JPM,2018-03-07,D,1,$114.73
Nordstrom (JWN),JWN,2018-03-07,F,1,$51.05
Polaris Industries (PII),PII,2018-03-07,I,1,$118.98
Brown-Forman (BF.B),BF.B,2018-03-08,F,1,$53.48
CIGNA (CI),CI,2018-03-08,D,1,$172.00
Ford Motor (F),F,2018-03-08,F,5,$10.61
Fiat Chrysler (FCAU),FCAU,2018-03-08,F,5,$21.30
General Motors (GM),GM,2018-03-08,F,5,$37.84
Johnson & Johnson (JNJ),JNJ,2018-03-08,D,1,$132.06
Southwest Airlines (LUV),LUV,2018-03-08,D,1,$58.37
MGM Resorts (MGM),MGM,2018-03-08,D,2,$35.91
Martin Marietta Materials (MLM),MLM,2018-03-08,I,1,$207.01
Pepsico (PEP),PEP,2018-03-08,D,1,$112.08
Thor Industries (THO),THO,2018-03-08,I,1,$120.39
Wynn Resorts (WYNN),WYNN,2018-03-08,D,1,$179.11
Axon Enterprise (AAXN),AAXN,2018-03-09,F,1,$39.86
Adobe Systems (ADBE),ADBE,2018-03-09,D,1,$221.11
Applied Materials (AMAT),AMAT,2018-03-09,M,1,$61.61
Broadcom (AVGO),AVGO,2018-03-09,D,2,$253.78
BGC Partners (BGCP),BGCP,2018-03-09,M,5,$14.33
Dollar General (DG),DG,2018-03-09,D,2,$86.94
Dicks Sporting Goods (DKS),DKS,2018-03-09,D,2,$31.92
Equifax (EFX),EFX,2018-03-09,D,2,$124.92
Estee Lauder (EL),EL,2018-03-09,D,1,$145.05
Electro Scientific Indust (ESIO),ESIO,2018-03-09,M,5,$19.78
Goldman Sachs (GS),GS,2018-03-09,M,1,$270.77
GTT Communications (GTT),GTT,2018-03-09,I,1,$58.95
HD Supply (HDS),HDS,2018-03-09,D,2,$37.61
Kroger (KR),KR,2018-03-09,F,5,$24.08
Lam Research (LRCX),LRCX,2018-03-09,M,1,$224.95
Signet Jewelers (SIG),SIG,2018-03-09,D,5,$48.90
Tiffany & Co (TIF),TIF,2018-03-09,D,2,$101.76
Ulta Beauty (ULTA),ULTA,2018-03-09,D,4,$205.92
United Technologies (UTX),UTX,2018-03-09,D,1,$134.07
Williams-Sonoma (WSM),WSM,2018-03-09,D,1,$52.86
Adobe Systems (ADBE),ADBE,2018-03-12,D,1,$220.94
Boeing (BA),BA,2018-03-12,D,4,$344.19
Caterpillar (CAT),CAT,2018-03-12,D,4,$154.50
Salesforce (CRM),CRM,2018-03-12,D,1,$126.78
Intel (INTC),INTC,2018-03-12,D,1,$51.52
Micron Technology (MU),MU,2018-03-12,D,1,$59.37
ServiceNow (NOW),NOW,2018-03-12,D,1,$174.43
Red Hat (RHT),RHT,2018-03-12,D,1,$155.08
Splunk (SPLK),SPLK,2018-03-12,I,1,$107.90
United Technologies (UTX),UTX,2018-03-12,D,4,$131.50
VMware (VMW),VMW,2018-03-12,D,1,$127.19
Workday (WDAY),WDAY,2018-03-12,I,1,$139.07
Western Digital (WDC),WDC,2018-03-12,D,1,$102.86
Applied Materials (AMAT),AMAT,2018-03-13,I,1,$59.69
Boeing (BA),BA,2018-03-13,D,2,$338.67
Lockheed Martin (LMT),LMT,2018-03-13,D,2,$333.46
Block (SQ),SQ,2018-03-13,F,1,$51.83
Twitter (TWTR),TWTR,2018-03-13,I,1,$34.11
United Technologies (UTX),UTX,2018-03-13,D,2,$130.15
Akamai Technologies (AKAM),AKAM,2018-03-14,F,1,$73.25
PayPal (PYPL),PYPL,2018-03-14,I,1,$83.31
Clorox (CLX),CLX,2018-03-15,I,1,$127.14
HP (HPQ),HPQ,2018-03-15,I,1,$23.48
Intel (INTC),INTC,2018-03-15,I,1,$50.88
Accenture (ACN),ACN,2018-03-16,D,1,$160.89
ConAgra Foods (CAG),CAG,2018-03-16,D,1,$36.61
Clorox (CLX),CLX,2018-03-16,D,1,$128.49
Darden Restaurants (DRI),DRI,2018-03-16,D,1,$94.55
FedEx (FDX),FDX,2018-03-16,D,2,$252.03
Five Below (FIVE),FIVE,2018-03-16,D,1,$68.96
General Mills (GIS),GIS,2018-03-16,D,1,$50.49
Intel (INTC),INTC,2018-03-16,D,1,$51.17
KB Home (KBH),KBH,2018-03-16,D,4,$28.65
Micron Technology (MU),MU,2018-03-16,D,1,$60.58
New Relic (NEWR),NEWR,2018-03-16,I,1,$75.75
Netflix (NFLX),NFLX,2018-03-16,F,1,$318.45
Nike (NKE),NKE,2018-03-16,D,2,$65.91
Oracle (ORCL),ORCL,2018-03-16,D,1,$52.27
Children's Place (PLCE),PLCE,2018-03-16,D,1,$137.80
United Technologies (UTX),UTX,2018-03-16,I,1,$128.33
CIGNA (CI),CI,2018-03-19,I,1,$166.44
Emerson Electric (EMR),EMR,2018-03-19,I,1,$70.73
Etsy (ETSY),ETSY,2018-03-19,F,1,$27.83
Meta (FB),FB,2018-03-19,F,4,$172.56
Abercrombie & Fitch (ANF),ANF,2018-03-20,D,2,$22.93
Celgene (CELG),CELG,2018-03-20,D,4,$88.27
Estee Lauder (EL),EL,2018-03-20,D,1,$148.20
Meta (FB),FB,2018-03-20,D,4,$168.15
PVH Corp (PVH),PVH,2018-03-20,D,2,$144.78
Regeneron Pharmaceuticals (REGN),REGN,2018-03-20,D,4,$333.86
Twitter (TWTR),TWTR,2018-03-20,F,1,$31.35
Apple (AAPL),AAPL,2018-03-21,D,1,$171.27
Meta (FB),FB,2018-03-21,D,1,$169.39
FedEx (FDX),FDX,2018-03-21,D,2,$249.02
McDonald's (MCD),MCD,2018-03-21,F,1,$158.66
Netflix (NFLX),NFLX,2018-03-21,D,1,$316.48
NVIDIA (NVDA),NVDA,2018-03-21,D,1,$248.56
Ulta Beauty (ULTA),ULTA,2018-03-21,F,1,$213.00
Apple (AAPL),AAPL,2018-03-22,D,4,$168.85
AbbVie (ABBV),ABBV,2018-03-22,D,4,$98.10
Desktop Metal (DM),DM,2018-03-22,D,5,$16.50
Darden Restaurants (DRI),DRI,2018-03-22,D,4,$85.94
Meta (FB),FB,2018-03-22,D,4,$164.89
FedEx (FDX),FDX,2018-03-22,D,4,$236.27
General Mills (GIS),GIS,2018-03-22,D,4,$44.45
Home Depot (HD),HD,2018-03-22,F,1,$175.29
Lowe's (LOW),LOW,2018-03-22,F,5,$85.70
Micron Technology (MU),MU,2018-03-22,D,2,$58.97
Starbucks (SBUX),SBUX,2018-03-22,D,4,$57.77
Thor Industries (THO),THO,2018-03-22,D,4,$115.08
Washington Prime Group (WPG),WPG,2018-03-22,I,2,$6.45
ADT (ADT),ADT,2018-03-23,F,5,$8.10
Burlington Stores (BURL),BURL,2018-03-23,F,1,$127.91
Dropbox (DBX),DBX,2018-03-23,F,1,$28.48
Lululemon Athletica (LULU),LULU,2018-03-23,D,2,$79.51
McCormick (MKC),MKC,2018-03-23,D,1,$105.72
NVIDIA (NVDA),NVDA,2018-03-23,D,1,$232.97
Paychex (PAYX),PAYX,2018-03-23,D,1,$61.73
PVH Corp (PVH),PVH,2018-03-23,F,1,$139.86
RH (RH),RH,2018-03-23,D,2,$77.70
Red Hat (RHT),RHT,2018-03-23,D,5,$147.90
Constellation Brands (STZ),STZ,2018-03-23,D,1,$220.92
Walgreens Boots Alliance (WBA),WBA,2018-03-23,D,5,$65.43
Apple (AAPL),AAPL,2018-03-26,D,2,$172.77
Boeing (BA),BA,2018-03-26,D,2,$328.97
Meta (FB),FB,2018-03-26,D,2,$160.06
Intel (INTC),INTC,2018-03-26,D,2,$52.48
Cheniere Energy (LNG),LNG,2018-03-26,D,4,$52.50
Paychex (PAYX),PAYX,2018-03-26,I,1,$61.22
Tellurian (TELL),TELL,2018-03-26,D,4,$6.78
Wendy's (WEN),WEN,2018-03-26,F,1,$17.12
Clorox (CLX),CLX,2018-03-27,D,2,$126.38
DSW (DSW),DSW,2018-03-27,D,2,$22.08
Express (EXPR),EXPR,2018-03-27,D,2,$7.13
Meta (FB),FB,2018-03-27,D,4,$152.22
Kimberly-Clark (KMB),KMB,2018-03-27,D,2,$107.50
Kohl's (KSS),KSS,2018-03-27,I,1,$62.80
Lululemon Athletica (LULU),LULU,2018-03-27,D,2,$78.71
NVIDIA (NVDA),NVDA,2018-03-27,D,4,$225.52
Procter & Gamble (PG),PG,2018-03-27,D,2,$77.79
Sears Holdings (SHLD),SHLD,2018-03-27,D,4,$2.50
Twitter (TWTR),TWTR,2018-03-27,D,4,$28.07
United Parcel Service (UPS),UPS,2018-03-27,M,4,$102.17
XPO Logistics (XPO),XPO,2018-03-27,M,1,$98.66
Zoetis (ZTS),ZTS,2018-03-27,I,1,$81.86
Clorox (CLX),CLX,2018-03-28,D,1,$130.31
Meta (FB),FB,2018-03-28,D,2,$153.03
Norwegian Cruise Line (NCLH),NCLH,2018-03-28,I,1,$52.48
NVIDIA (NVDA),NVDA,2018-03-28,D,1,$221.35
PVH Corp (PVH),PVH,2018-03-28,I,1,$144.02
Twitter (TWTR),TWTR,2018-03-28,D,2,$28.45
UnitedHealth Group (UNH),UNH,2018-03-28,I,1,$218.50
Cloudera (CLDR),CLDR,2018-03-29,D,1,$21.58
Carmax (KMX),KMX,2018-03-29,D,2,$61.94
Lennar (LEN),LEN,2018-03-29,D,2,$58.94
Monsanto (MON),MON,2018-03-29,D,2,$116.69
Micron Technology (MU),MU,2018-03-29,F,1,$52.14
NVIDIA (NVDA),NVDA,2018-03-29,I,1,$231.59
Ollie's Bargain Outlet (OLLI),OLLI,2018-03-29,D,1,$60.30
Constellation Brands (STZ),STZ,2018-03-29,I,1,$227.92
Lennar (LEN),LEN,2018-04-05,D,2,$64.00
Ollie's Bargain Outlet (OLLI),OLLI,2018-04-05,I,1,$59.45
Pennsylvania Real Estate  (PEI),PEI,2018-04-05,I,1,$9.91
Spotify (SPOT),SPOT,2018-04-05,F,1,$143.99
Bed Bath & Beyond (BBBY),BBBY,2018-04-06,D,5,$21.00
BlackRock (BLK),BLK,2018-04-06,D,2,$519.92
Citigroup (C),C,2018-04-06,D,1,$68.60
Caterpillar (CAT),CAT,2018-04-06,D,4,$142.99
Dunkin Brands (DNKN),DNKN,2018-04-06,D,2,$59.69
At Home Group (HOME),HOME,2018-04-06,I,1,$33.72
JPMorgan Chase (JPM),JPM,2018-04-06,D,1,$109.09
Michael Kors (KORS),KORS,2018-04-06,D,1,$64.86
Lululemon Athletica (LULU),LULU,2018-04-06,D,1,$89.61
Nike (NKE),NKE,2018-04-06,D,1,$67.55
PNC Financial (PNC),PNC,2018-04-06,D,1,$147.95
PVH Corp (PVH),PVH,2018-04-06,D,1,$156.73
Starbucks (SBUX),SBUX,2018-04-06,D,4,$58.34
Urban Outfitters (URBN),URBN,2018-04-06,D,1,$38.54
United Rentals (URI),URI,2018-04-06,D,2,$172.14
VF Corp (VFC),VFC,2018-04-06,D,1,$76.31
Wells Fargo (WFC),WFC,2018-04-06,D,4,$52.23
Yum! Brands (YUM),YUM,2018-04-06,D,2,$84.46
Yum China (YUMC),YUMC,2018-04-06,D,4,$38.55
Adobe Systems (ADBE),ADBE,2018-04-09,D,1,$219.17
American Electric Power (AEP),AEP,2018-04-09,D,1,$68.71
American Tower (AMT),AMT,2018-04-09,D,1,$143.19
Ameritrade (AMTD),AMTD,2018-04-09,D,1,$58.14
Abercrombie & Fitch (ANF),ANF,2018-04-09,D,1,$27.36
Cheesecake Factory (CAKE),CAKE,2018-04-09,D,1,$51.45
Centene (CNC),CNC,2018-04-09,D,1,$106.58
Cintas (CTAS),CTAS,2018-04-09,D,1,$167.67
Callaway Golf (ELY),ELY,2018-04-09,F,1,$16.64
EPR Properties (EPR),EPR,2018-04-09,D,5,$54.93
Meta (FB),FB,2018-04-09,D,2,$157.93
Acushnet Holdings (GOLF),GOLF,2018-04-09,F,1,$23.63
HollyFrontier (HFC),HFC,2018-04-09,D,1,$52.91
Magellan Midstream Partne (MMP),MMP,2018-04-09,I,1,$60.58
Marathon Oil (MRO),MRO,2018-04-09,D,1,$16.35
Novartis AG (NVS),NVS,2018-04-09,D,2,$81.07
Paychex (PAYX),PAYX,2018-04-09,D,1,$60.94
Proofpoint (PFPT),PFPT,2018-04-09,D,1,$118.37
Raytheon (RTN),RTN,2018-04-09,D,1,$217.22
AT&T (T),T,2018-04-09,D,1,$35.17
Apple (AAPL),AAPL,2018-04-10,D,1,$173.25
Anadarko Petroleum (APC),APC,2018-04-10,D,1,$61.81
Boeing (BA),BA,2018-04-10,D,1,$334.83
Caterpillar (CAT),CAT,2018-04-10,D,1,$148.09
ConocoPhillips (COP),COP,2018-04-10,D,1,$62.34
Meta (FB),FB,2018-04-10,F,2,$165.04
First Solar (FSLR),FSLR,2018-04-10,D,1,$70.79
Netflix (NFLX),NFLX,2018-04-10,D,1,$298.07
NVIDIA (NVDA),NVDA,2018-04-10,D,1,$227.91
Proofpoint (PFPT),PFPT,2018-04-10,D,1,$120.71
PayPal (PYPL),PYPL,2018-04-10,D,1,$76.79
Red Hat (RHT),RHT,2018-04-10,D,1,$156.75
SolarEdge Technologies (SEDG),SEDG,2018-04-10,D,1,$54.80
Tesla (TSLA),TSLA,2018-04-10,F,4,$304.70
Ulta Beauty (ULTA),ULTA,2018-04-10,D,1,$221.06
Workday (WDAY),WDAY,2018-04-10,D,1,$126.50
Exxon Mobil (XOM),XOM,2018-04-10,D,1,$77.07
Bank of America (BAC),BAC,2018-04-11,D,2,$29.90
Citigroup (C),C,2018-04-11,D,2,$69.89
Meta (FB),FB,2018-04-11,D,1,$166.32
Gap (GPS),GPS,2018-04-11,I,1,$30.55
Goldman Sachs (GS),GS,2018-04-11,D,1,$252.94
JPMorgan Chase (JPM),JPM,2018-04-11,D,2,$110.62
Taylor Morrison Homes (TMHC),TMHC,2018-04-11,I,1,$22.95
Wells Fargo (WFC),WFC,2018-04-11,D,5,$51.93
Boeing (BA),BA,2018-04-12,D,2,$337.48
Bed Bath & Beyond (BBBY),BBBY,2018-04-12,D,5,$17.21
BlackRock (BLK),BLK,2018-04-12,D,1,$533.01
Caterpillar (CAT),CAT,2018-04-12,F,5,$150.14
Costco (COST),COST,2018-04-12,D,1,$188.82
Delta Air Lines (DAL),DAL,2018-04-12,D,1,$52.98
Intel (INTC),INTC,2018-04-12,D,2,$52.72
Micron Technology (MU),MU,2018-04-12,D,2,$52.59
Talend (TLND),TLND,2018-04-12,I,1,$48.10
United Rentals (URI),URI,2018-04-12,F,1,$176.32
Alcoa (AA),AA,2018-04-13,D,2,$54.96
American Express (AXP),AXP,2018-04-13,D,1,$93.03
Bank of America (BAC),BAC,2018-04-13,D,1,$29.80
E*TRADE Financial (ETFC),ETFC,2018-04-13,D,2,$56.96
ForeScout (FSCT),FSCT,2018-04-13,F,1,$32.93
Fortinet (FTNT),FTNT,2018-04-13,D,2,$55.84
General Electric (GE),GE,2018-04-13,D,4,$13.49
Goldman Sachs (GS),GS,2018-04-13,D,1,$255.92
Honeywell (HON),HON,2018-04-13,D,1,$146.12
Johnson & Johnson (JNJ),JNJ,2018-04-13,D,1,$130.62
MiMedx Group (MDXG),MDXG,2018-04-13,F,5,$6.97
Morgan Stanley (MS),MS,2018-04-13,D,1,$52.98
Micron Technology (MU),MU,2018-04-13,D,4,$52.23
Netflix (NFLX),NFLX,2018-04-13,D,1,$311.65
Okta (OKTA),OKTA,2018-04-13,F,4,$40.59
Palo Alto Networks (PANW),PANW,2018-04-13,D,2,$187.38
Proofpoint (PFPT),PFPT,2018-04-13,D,2,$121.36
Procter & Gamble (PG),PG,2018-04-13,D,1,$78.37
PPG Industries (PPG),PPG,2018-04-13,D,2,$110.00
Schlumberger (SLB),SLB,2018-04-13,D,2,$67.95
UnitedHealth Group (UNH),UNH,2018-04-13,D,1,$224.28
United Rentals (URI),URI,2018-04-13,D,1,$172.95
ZScaler (ZS),ZS,2018-04-13,F,4,$27.48
Bank of America (BAC),BAC,2018-04-16,D,2,$29.93
Everi (EVRI),EVRI,2018-04-16,M,5,$6.31
FedEx (FDX),FDX,2018-04-16,D,2,$250.03
Goldman Sachs (GS),GS,2018-04-16,D,4,$257.88
JB Hunt Transport Service (JBHT),JBHT,2018-04-16,D,2,$119.75
MGM Resorts (MGM),MGM,2018-04-16,M,1,$34.77
Morgan Stanley (MS),MS,2018-04-16,D,4,$53.40
Netflix (NFLX),NFLX,2018-04-16,D,1,$307.78
Newell Brands (NWL),NWL,2018-04-16,F,5,$26.25
Silicom (SILC),SILC,2018-04-16,M,2,$35.57
SiteOne Landscape Supply (SITE),SITE,2018-04-16,M,4,$78.27
Vistra Energy (VST),VST,2018-04-16,I,1,$21.99
XPO Logistics (XPO),XPO,2018-04-16,D,2,$103.56
Apple (AAPL),AAPL,2018-04-17,D,1,$178.24
Boeing (BA),BA,2018-04-17,D,1,$336.72
Burlington Stores (BURL),BURL,2018-04-17,D,1,$139.36
Dollar General (DG),DG,2018-04-17,D,1,$99.87
Meta (FB),FB,2018-04-17,D,1,$168.66
General Dynamics (GD),GD,2018-04-17,D,1,$221.41
Nordstrom (JWN),JWN,2018-04-17,D,1,$47.15
Kohl's (KSS),KSS,2018-04-17,D,1,$61.77
Lockheed Martin (LMT),LMT,2018-04-17,D,1,$349.14
Lululemon Athletica (LULU),LULU,2018-04-17,D,1,$94.60
Macy's (M),M,2018-04-17,D,1,$28.94
Netflix (NFLX),NFLX,2018-04-17,F,1,$336.06
Northrop Grumman (NOC),NOC,2018-04-17,D,1,$355.04
ServiceNow (NOW),NOW,2018-04-17,D,1,$174.54
NVIDIA (NVDA),NVDA,2018-04-17,D,1,$237.54
PVH Corp (PVH),PVH,2018-04-17,D,1,$161.27
Red Hat (RHT),RHT,2018-04-17,D,1,$162.23
Raytheon (RTN),RTN,2018-04-17,D,1,$227.11
Snap (SNAP),SNAP,2018-04-17,F,4,$14.88
Splunk (SPLK),SPLK,2018-04-17,D,1,$107.58
TJX Companies (TJX),TJX,2018-04-17,D,1,$83.45
Twitter (TWTR),TWTR,2018-04-17,D,1,$31.84
Workday (WDAY),WDAY,2018-04-17,D,1,$132.57
Acacia Communications (ACIA),ACIA,2018-04-18,F,4,$25.57
Core Labs (CLB),CLB,2018-04-18,D,1,$121.94
CyrusOne (CONE),CONE,2018-04-18,I,1,$51.38
CSX (CSX),CSX,2018-04-18,D,1,$61.01
Home Depot (HD),HD,2018-04-18,D,1,$179.85
IBM (IBM),IBM,2018-04-18,D,4,$148.79
Lowe's (LOW),LOW,2018-04-18,D,4,$86.41
Nucor (NUE),NUE,2018-04-18,D,1,$65.42
Revance Therapeutics (RVNC),RVNC,2018-04-18,I,1,$33.35
Schlumberger (SLB),SLB,2018-04-18,D,1,$70.34
Apple (AAPL),AAPL,2018-04-19,D,1,$172.80
Acacia Communications (ACIA),ACIA,2018-04-19,D,4,$26.48
Cisco Systems (CSCO),CSCO,2018-04-19,D,2,$44.56
Intel (INTC),INTC,2018-04-19,D,2,$52.22
Juniper Networks (JNPR),JNPR,2018-04-19,D,4,$24.44
Microsoft (MSFT),MSFT,2018-04-19,D,1,$96.11
Nucor (NUE),NUE,2018-04-19,I,1,$65.13
Procter & Gamble (PG),PG,2018-04-19,D,4,$74.95
Qualcomm (QCOM),QCOM,2018-04-19,D,4,$52.57
United Rentals (URI),URI,2018-04-19,I,1,$168.22
Boeing (BA),BA,2018-04-20,D,1,$338.67
Caterpillar (CAT),CAT,2018-04-20,D,2,$153.25
Colgate-Palmolive (CL),CL,2018-04-20,D,4,$67.52
Meta (FB),FB,2018-04-20,D,2,$166.28
First Horizon National (FHN),FHN,2018-04-20,I,1,$18.67
GW Pharmaceuticals (GWPH),GWPH,2018-04-20,D,1,$132.43
Kimberly-Clark (KMB),KMB,2018-04-20,D,4,$100.03
Coca-Cola (KO),KO,2018-04-20,D,2,$43.74
Microsoft (MSFT),MSFT,2018-04-20,D,1,$95.00
Qualcomm (QCOM),QCOM,2018-04-20,D,4,$51.44
Constellation Brands (STZ),STZ,2018-04-20,D,1,$227.58
United Technologies (UTX),UTX,2018-04-20,D,2,$123.08
Waste Management (WM),WM,2018-04-20,I,1,$82.48
Darden Restaurants (DRI),DRI,2018-04-23,D,2,$91.05
Hasbro (HAS),HAS,2018-04-23,I,1,$86.12
Kimberly-Clark (KMB),KMB,2018-04-23,F,5,$98.52
Altria (MO),MO,2018-04-23,F,5,$56.57
Newell Brands (NWL),NWL,2018-04-23,F,1,$26.47
Procter & Gamble (PG),PG,2018-04-23,F,5,$73.00
Philip Morris Internation (PM),PM,2018-04-23,F,5,$83.67
Caterpillar (CAT),CAT,2018-04-24,D,4,$144.44
Kimberly-Clark (KMB),KMB,2018-04-24,D,5,$100.40
Lockheed Martin (LMT),LMT,2018-04-24,D,4,$336.49
3M (MMM),MMM,2018-04-24,D,4,$201.13
Procter & Gamble (PG),PG,2018-04-24,D,5,$72.50
Six Flags (SIX),SIX,2018-04-24,I,1,$59.16
United Technologies (UTX),UTX,2018-04-24,D,1,$122.10
First Horizon National (FHN),FHN,2018-04-25,D,1,$18.68
ForeScout (FSCT),FSCT,2018-04-25,D,2,$32.76
Goldman Sachs (GS),GS,2018-04-25,D,1,$239.23
Netflix (NFLX),NFLX,2018-04-25,D,1,$305.76
Proofpoint (PFPT),PFPT,2018-04-25,D,1,$120.11
American Electric Power (AEP),AEP,2018-04-26,I,1,$69.77
Advanced Micro Devices (AMD),AMD,2018-04-26,F,1,$11.04
Domino's Pizza (DPZ),DPZ,2018-04-26,I,1,$250.61
Meta (FB),FB,2018-04-26,F,1,$174.16
Intel (INTC),INTC,2018-04-26,D,1,$53.05
ServiceNow (NOW),NOW,2018-04-26,D,1,$165.16
NVIDIA (NVDA),NVDA,2018-04-26,D,1,$225.22
Whirlpool (WHR),WHR,2018-04-26,F,5,$155.85
Apple (AAPL),AAPL,2018-04-27,D,4,$162.32
Allergan (AGN),AGN,2018-04-27,D,2,$162.04
Briggs & Stratton (BGG),BGG,2018-04-27,I,2,$18.35
BP (BP),BP,2018-04-27,D,2,$44.22
Clorox (CLX),CLX,2018-04-27,D,1,$118.31
Centene (CNC),CNC,2018-04-27,I,1,$110.17
DowDuPont (DWDP),DWDP,2018-04-27,D,4,$64.32
Intel (INTC),INTC,2018-04-27,D,1,$52.73
Kraft Heinz (KHC),KHC,2018-04-27,D,4,$57.66
Mastercard (MA),MA,2018-04-27,D,1,$175.94
McDonald's (MCD),MCD,2018-04-27,D,1,$158.30
Merck (MRK),MRK,2018-04-27,D,2,$59.47
Microsoft (MSFT),MSFT,2018-04-27,D,1,$95.82
Newell Brands (NWL),NWL,2018-04-27,D,1,$27.74
Under Armour (UAA),UAA,2018-04-27,D,1,$17.83
Walmart (WMT),WMT,2018-04-27,F,4,$87.29
Allergan (AGN),AGN,2018-04-30,I,1,$153.65
First Data (FDC),FDC,2018-04-30,I,1,$18.10
Intel (INTC),INTC,2018-04-30,D,1,$51.62
Microsoft (MSFT),MSFT,2018-04-30,D,1,$93.52
T-Mobile US (TMUS),TMUS,2018-04-30,F,1,$60.51
Ventas (VTR),VTR,2018-04-30,I,1,$51.42
Apple (AAPL),AAPL,2018-05-01,D,1,$169.10
American Electric Power (AEP),AEP,2018-05-01,D,1,$69.44
AGCO (AGCO),AGCO,2018-05-01,I,1,$61.18
Anadarko Petroleum (APC),APC,2018-05-01,D,1,$66.52
Caterpillar (CAT),CAT,2018-05-01,D,1,$144.42
Cullen Frost Bankers (CFR),CFR,2018-05-01,I,1,$115.96
EOG Resources (EOG),EOG,2018-05-01,D,1,$117.56
First Data (FDC),FDC,2018-05-01,D,1,$18.24
Goldman Sachs (GS),GS,2018-05-01,D,2,$236.67
IBM (IBM),IBM,2018-05-01,D,2,$145.00
Marathon Petroleum (MPC),MPC,2018-05-01,D,1,$72.90
Pioneer Natural Resources (PXD),PXD,2018-05-01,D,1,$198.86
Under Armour (UAA),UAA,2018-05-01,D,2,$18.03
United Technologies (UTX),UTX,2018-05-01,D,1,$118.96
Visa (V),V,2018-05-01,D,1,$127.51
Apple (AAPL),AAPL,2018-05-02,F,1,$176.57
Amgen (AMGN),AMGN,2018-05-02,D,1,$169.43
Boeing (BA),BA,2018-05-02,D,1,$324.19
Coupa Software (COUP),COUP,2018-05-02,I,1,$47.09
Dominion Energy (D),D,2018-05-02,I,1,$66.19
Meta (FB),FB,2018-05-02,D,1,$176.07
Microsoft (MSFT),MSFT,2018-05-02,D,1,$93.51
Oracle (ORCL),ORCL,2018-05-02,D,1,$45.51
UnitedHealth Group (UNH),UNH,2018-05-02,D,1,$233.46
MGM Resorts (MGM),MGM,2018-05-03,F,1,$31.28
Norwegian Cruise Line (NCLH),NCLH,2018-05-03,I,1,$51.10
Proofpoint (PFPT),PFPT,2018-05-03,I,1,$119.96
Tesla (TSLA),TSLA,2018-05-03,D,2,$284.45
Apple (AAPL),AAPL,2018-05-04,D,1,$183.83
Axon Enterprise (AAXN),AAXN,2018-05-04,I,1,$44.55
Bank of America (BAC),BAC,2018-05-04,D,1,$29.30
Anheuser-Busch InBev (BUD),BUD,2018-05-04,D,1,$97.44
Walt Disney (DIS),DIS,2018-05-04,D,1,$101.15
Electronic Arts (EA),EA,2018-05-04,D,1,$123.64
FireEye (FEYE),FEYE,2018-05-04,I,1,$17.20
Twenty-First Century Fox (FOXA),FOXA,2018-05-04,D,2,$37.66
Kraft Heinz (KHC),KHC,2018-05-04,D,2,$58.01
Coca-Cola (KO),KO,2018-05-04,D,4,$42.36
Magna International (MGA),MGA,2018-05-04,D,1,$60.37
Monster Beverage (MNST),MNST,2018-05-04,D,4,$52.76
ServiceNow (NOW),NOW,2018-05-04,D,1,$171.22
NVIDIA (NVDA),NVDA,2018-05-04,D,1,$239.06
Tyson Foods (TSN),TSN,2018-05-04,D,4,$66.97
Wells Fargo (WFC),WFC,2018-05-04,D,4,$52.41
Yum! Brands (YUM),YUM,2018-05-04,F,1,$82.43
Yum China (YUMC),YUMC,2018-05-04,F,5,$38.19
Apple (AAPL),AAPL,2018-05-07,D,1,$185.16
Bank of America (BAC),BAC,2018-05-07,I,1,$29.64
Estee Lauder (EL),EL,2018-05-07,F,1,$133.79
IBM (IBM),IBM,2018-05-07,D,1,$143.22
Spotify (SPOT),SPOT,2018-05-07,F,1,$150.00
Whiting Petroleum (WLL),WLL,2018-05-07,I,1,$45.05
Boeing (BA),BA,2018-05-08,D,1,$338.37
Broadridge Financial (BR),BR,2018-05-08,I,1,$112.20
Caterpillar (CAT),CAT,2018-05-08,D,1,$149.93
General Electric (GE),GE,2018-05-08,F,2,$14.27
Lockheed Martin (LMT),LMT,2018-05-08,D,1,$324.19
Northrop Grumman (NOC),NOC,2018-05-08,D,1,$329.27
Raytheon (RTN),RTN,2018-05-08,D,1,$210.40
United Technologies (UTX),UTX,2018-05-08,D,1,$121.79
Valeant Pharmaceuticals (VRX),VRX,2018-05-08,I,1,$19.77
Walt Disney (DIS),DIS,2018-05-09,D,1,$99.97
Etsy (ETSY),ETSY,2018-05-09,I,1,$29.99
Netflix (NFLX),NFLX,2018-05-09,D,2,$330.30
Tesla (TSLA),TSLA,2018-05-09,D,2,$306.85
Walmart (WMT),WMT,2018-05-09,D,1,$83.06
XPO Logistics (XPO),XPO,2018-05-09,I,1,$106.33
Zebra Technologies (ZBRA),ZBRA,2018-05-09,I,1,$149.57
Apple (AAPL),AAPL,2018-05-10,F,1,$190.04
Biogen Idec (BIIB),BIIB,2018-05-10,D,1,$274.00
BioMarin (BMRN),BMRN,2018-05-10,I,1,$89.40
Celgene (CELG),CELG,2018-05-10,D,4,$82.38
Meta (FB),FB,2018-05-10,F,1,$185.53
Gilead Sciences (GILD),GILD,2018-05-10,D,4,$65.37
Groupon (GRPN),GRPN,2018-05-10,I,1,$5.18
Regeneron Pharmaceuticals (REGN),REGN,2018-05-10,D,1,$288.90
Applied Materials (AMAT),AMAT,2018-05-11,D,1,$54.84
Campbell Soup (CPB),CPB,2018-05-11,D,4,$40.68
Cisco Systems (CSCO),CSCO,2018-05-11,D,1,$45.93
Deere & Company (DE),DE,2018-05-11,D,1,$147.32
Home Depot (HD),HD,2018-05-11,D,1,$190.31
JC Penney (JCP),JCP,2018-05-11,D,5,$2.84
Nordstrom (JWN),JWN,2018-05-11,D,2,$48.80
Michael Kors (KORS),KORS,2018-05-11,F,1,$63.08
Macy's (M),M,2018-05-11,D,1,$29.64
Mazor Robotics (MZOR),MZOR,2018-05-11,D,3,$55.60
Nice Systems (NICE),NICE,2018-05-11,I,1,$100.13
NVIDIA (NVDA),NVDA,2018-05-11,F,1,$254.53
ProLogis (PLD),PLD,2018-05-11,I,1,$65.33
Molson Coors (TAP),TAP,2018-05-11,F,5,$60.72
Take-Two Interactive (TTWO),TTWO,2018-05-11,D,1,$116.09
Walmart (WMT),WMT,2018-05-11,D,1,$83.38
Apple (AAPL),AAPL,2018-05-14,D,2,$188.15
Advanced Micro Devices (AMD),AMD,2018-05-14,D,1,$12.23
Broadcom (AVGO),AVGO,2018-05-14,D,2,$244.76
ForeScout (FSCT),FSCT,2018-05-14,I,1,$29.92
Intel (INTC),INTC,2018-05-14,D,1,$54.90
NVIDIA (NVDA),NVDA,2018-05-14,D,1,$255.36
Shake Shack (SHAK),SHAK,2018-05-14,F,5,$57.98
SS&C Technologies (SSNC),SSNC,2018-05-14,I,1,$48.42
Apple (AAPL),AAPL,2018-05-15,D,1,$186.44
CBRE Group (CBRE),CBRE,2018-05-15,I,1,$46.93
Walt Disney (DIS),DIS,2018-05-15,F,1,$102.92
Meta (FB),FB,2018-05-15,D,1,$184.32
Home Depot (HD),HD,2018-05-15,F,1,$187.98
Netflix (NFLX),NFLX,2018-05-15,D,1,$326.13
NVIDIA (NVDA),NVDA,2018-05-15,D,1,$245.56
Snap (SNAP),SNAP,2018-05-15,D,4,$10.65
Welbilt (WBT),WBT,2018-05-15,I,1,$19.15
Tableau Software (DATA),DATA,2018-05-16,I,1,$92.76
Estee Lauder (EL),EL,2018-05-16,D,1,$144.70
Lockheed Martin (LMT),LMT,2018-05-16,F,1,$319.33
Macy's (M),M,2018-05-16,F,1,$33.17
Micron Technology (MU),MU,2018-05-16,F,1,$56.50
Northrop Grumman (NOC),NOC,2018-05-16,F,1,$321.16
PVH Corp (PVH),PVH,2018-05-16,D,1,$155.21
PayPal (PYPL),PYPL,2018-05-16,I,1,$77.82
Raytheon (RTN),RTN,2018-05-16,F,1,$210.15
Western Digital (WDC),WDC,2018-05-16,D,1,$87.02
Walmart (WMT),WMT,2018-05-16,D,1,$86.13
Clorox (CLX),CLX,2018-05-17,D,4,$118.33
Estee Lauder (EL),EL,2018-05-17,D,2,$144.90
General Mills (GIS),GIS,2018-05-17,D,4,$42.81
KB Home (KBH),KBH,2018-05-17,D,4,$25.82
Lennar (LEN),LEN,2018-05-17,D,4,$51.30
Masco (MAS),MAS,2018-05-17,F,4,$37.50
Owens Corning (OC),OC,2018-05-17,F,4,$65.57
Stanley Black & Decker (SWK),SWK,2018-05-17,F,2,$143.16
Trinseo (TSE),TSE,2018-05-17,I,1,$75.95
Emerson Electric (EMR),EMR,2018-05-21,D,1,$74.08
FedEx (FDX),FDX,2018-05-21,D,1,$254.66
Honeywell (HON),HON,2018-05-21,D,1,$150.49
International Flavors and (IFF),IFF,2018-05-21,I,1,$125.03
Kimberly-Clark (KMB),KMB,2018-05-21,D,1,$104.72
3M (MMM),MMM,2018-05-21,D,1,$201.76
Nike (NKE),NKE,2018-05-21,D,1,$71.38
Starbucks (SBUX),SBUX,2018-05-21,D,1,$57.34
Take-Two Interactive (TTWO),TTWO,2018-05-21,I,1,$115.96
Union Pacific (UNP),UNP,2018-05-21,D,1,$145.08
United Technologies (UTX),UTX,2018-05-21,D,1,$128.05
Zillow (Z),Z,2018-05-21,I,1,$51.87
Chevron (CVX),CVX,2018-05-22,D,1,$128.23
International Flavors and (IFF),IFF,2018-05-22,D,1,$124.97
JC Penney (JCP),JCP,2018-05-22,D,5,$2.35
Nordstrom (JWN),JWN,2018-05-22,D,1,$45.77
Micron Technology (MU),MU,2018-05-22,I,1,$59.03
Pioneer Natural Resources (PXD),PXD,2018-05-22,D,1,$202.68
Raytheon (RTN),RTN,2018-05-22,D,1,$207.73
Schlumberger (SLB),SLB,2018-05-22,D,1,$73.73
Take-Two Interactive (TTWO),TTWO,2018-05-22,D,1,$113.24
Union Pacific (UNP),UNP,2018-05-22,I,1,$142.92
Waste Management (WM),WM,2018-05-22,D,1,$81.79
Akamai Technologies (AKAM),AKAM,2018-05-23,D,1,$77.02
Carnival (CCL),CCL,2018-05-23,I,1,$64.68
EOG Resources (EOG),EOG,2018-05-23,D,1,$122.98
General Electric (GE),GE,2018-05-23,D,4,$14.18
Global Payments (GPN),GPN,2018-05-23,I,1,$112.05
Lowe's (LOW),LOW,2018-05-23,D,1,$94.69
Marathon Petroleum (MPC),MPC,2018-05-23,D,1,$78.87
Ralph Lauren (RL),RL,2018-05-23,D,1,$133.33
Tiffany & Co (TIF),TIF,2018-05-23,D,1,$126.05
Toll Brothers (TOL),TOL,2018-05-23,D,4,$39.91
Walmart (WMT),WMT,2018-05-23,D,4,$83.01
Williams-Sonoma (WSM),WSM,2018-05-23,D,1,$49.18
FMC Corp (FMC),FMC,2018-05-24,F,1,$88.33
Intuit (INTU),INTU,2018-05-24,I,1,$197.79
Nordstrom (JWN),JWN,2018-05-24,D,1,$48.74
Kohl's (KSS),KSS,2018-05-24,D,1,$64.51
Micron Technology (MU),MU,2018-05-24,D,1,$61.49
Netflix (NFLX),NFLX,2018-05-24,D,1,$349.29
Nucor (NUE),NUE,2018-05-24,D,2,$64.61
Clorox (CLX),CLX,2018-05-29,D,1,$124.14
Salesforce (CRM),CRM,2018-05-29,I,1,$126.88
Covanta (CVA),CVA,2018-05-29,I,1,$16.05
JPMorgan Chase (JPM),JPM,2018-05-29,D,1,$105.93
Advance Auto Parts (AAP),AAP,2018-05-30,F,4,$128.53
AutoZone (AZO),AZO,2018-05-30,F,1,$653.78
Salesforce (CRM),CRM,2018-05-30,D,1,$129.30
New Relic (NEWR),NEWR,2018-05-30,I,1,$99.73
ServiceNow (NOW),NOW,2018-05-30,D,1,$178.47
O'Reilly Automotive (ORLY),ORLY,2018-05-30,D,2,$273.56
PVH Corp (PVH),PVH,2018-05-30,I,1,$155.50
Workday (WDAY),WDAY,2018-05-30,D,1,$131.78
Dicks Sporting Goods (DKS),DKS,2018-05-31,F,1,$36.60
Meta (FB),FB,2018-05-31,D,1,$191.78
3M (MMM),MMM,2018-05-31,F,1,$197.23
Nutanix (NTNX),NTNX,2018-05-31,I,1,$53.45
Nucor (NUE),NUE,2018-05-31,F,1,$64.19
VICI Properties (VICI),VICI,2018-05-31,I,1,$19.37
Adobe Systems (ADBE),ADBE,2018-06-01,D,2,$251.31
Broadcom (AVGO),AVGO,2018-06-01,D,1,$256.34
Brown-Forman (BF.B),BF.B,2018-06-01,D,4,$55.59
Casa Systems (CASA),CASA,2018-06-01,M,4,$19.10
Coupa Software (COUP),COUP,2018-06-01,F,1,$54.07
EPAM Systems (EPAM),EPAM,2018-06-01,M,1,$124.00
Five Below (FIVE),FIVE,2018-06-01,D,1,$71.39
HealthEquity (HQY),HQY,2018-06-01,M,4,$76.09
ServiceNow (NOW),NOW,2018-06-01,D,2,$181.51
Ollie's Bargain Outlet (OLLI),OLLI,2018-06-01,D,1,$70.55
Palo Alto Networks (PANW),PANW,2018-06-01,D,1,$209.19
Signet Jewelers (SIG),SIG,2018-06-01,D,1,$42.61
Splunk (SPLK),SPLK,2018-06-01,D,2,$113.95
Thor Industries (THO),THO,2018-06-01,D,4,$93.00
Workday (WDAY),WDAY,2018-06-01,D,2,$126.29
Apple (AAPL),AAPL,2018-06-04,D,1,$191.83
Adobe Systems (ADBE),ADBE,2018-06-04,D,1,$253.34
Amgen (AMGN),AMGN,2018-06-04,D,1,$185.44
Chipotle Mexican Grill (CMG),CMG,2018-06-04,F,1,$443.83
Henry Schein (HSIC),HSIC,2018-06-04,I,1,$70.24
Intel (INTC),INTC,2018-06-04,D,1,$56.83
El Pollo Loco (LOCO),LOCO,2018-06-04,D,4,$10.60
Microsoft (MSFT),MSFT,2018-06-04,D,1,$101.67
NVIDIA (NVDA),NVDA,2018-06-04,D,1,$264.85
PayPal (PYPL),PYPL,2018-06-04,D,1,$84.57
Regeneron Pharmaceuticals (REGN),REGN,2018-06-04,D,1,$312.09
Starbucks (SBUX),SBUX,2018-06-04,D,4,$57.07
Block (SQ),SQ,2018-06-04,D,1,$61.20
Del Taco Restaurants (TACO),TACO,2018-06-04,D,2,$12.37
Wyndham Hotels (WH),WH,2018-06-04,I,1,$63.16
Burlington Stores (BURL),BURL,2018-06-05,D,1,$155.91
Coupa Software (COUP),COUP,2018-06-05,D,1,$60.16
Goldman Sachs (GS),GS,2018-06-05,D,1,$228.34
JPMorgan Chase (JPM),JPM,2018-06-05,D,1,$107.84
Kohl's (KSS),KSS,2018-06-05,D,2,$74.94
Macy's (M),M,2018-06-05,D,2,$40.05
Medtronic (MDT),MDT,2018-06-05,I,1,$86.66
Netflix (NFLX),NFLX,2018-06-05,D,2,$365.80
Palo Alto Networks (PANW),PANW,2018-06-05,I,1,$203.86
Wyndham Destinations (WYND),WYND,2018-06-05,I,1,$49.01
Broadcom (AVGO),AVGO,2018-06-06,D,1,$263.52
Boeing (BA),BA,2018-06-06,D,1,$371.56
Caterpillar (CAT),CAT,2018-06-06,D,1,$156.51
CIGNA (CI),CI,2018-06-06,D,1,$174.93
Camping World (CWH),CWH,2018-06-06,I,1,$21.04
Five Below (FIVE),FIVE,2018-06-06,D,1,$81.28
Canada Goose (GOOS),GOOS,2018-06-06,F,5,$44.22
Goldman Sachs (GS),GS,2018-06-06,D,1,$232.23
JPMorgan Chase (JPM),JPM,2018-06-06,D,1,$110.36
3M (MMM),MMM,2018-06-06,D,1,$203.86
Qualcomm (QCOM),QCOM,2018-06-06,I,1,$59.84
Thor Industries (THO),THO,2018-06-06,D,4,$98.44
Tesla (TSLA),TSLA,2018-06-06,D,2,$319.50
UnitedHealth Group (UNH),UNH,2018-06-06,D,1,$248.65
Centene (CNC),CNC,2018-06-08,D,4,$119.81
Five Below (FIVE),FIVE,2018-06-08,F,1,$101.19
Jabil (JBL),JBL,2018-06-08,D,4,$29.25
Macy's (M),M,2018-06-08,D,1,$39.88
Michaels (MIK),MIK,2018-06-08,D,1,$20.43
Procter & Gamble (PG),PG,2018-06-08,D,1,$77.18
Qualcomm (QCOM),QCOM,2018-06-08,D,1,$60.26
RH (RH),RH,2018-06-08,D,2,$113.28
Wyndham Hotels (WH),WH,2018-06-08,D,1,$62.88
Wyndham Destinations (WYND),WYND,2018-06-08,D,1,$48.24
Allergan (AGN),AGN,2018-06-11,D,1,$171.04
Activision Blizzard (ATVI),ATVI,2018-06-11,D,1,$75.00
Brinks (BCO),BCO,2018-06-11,F,1,$80.20
Electronic Arts (EA),EA,2018-06-11,D,1,$139.16
Estee Lauder (EL),EL,2018-06-11,D,1,$155.05
Hewlett Packard Enterpris (HPE),HPE,2018-06-11,F,4,$16.02
HP (HPQ),HPQ,2018-06-11,F,1,$24.01
Nike (NKE),NKE,2018-06-11,D,1,$74.59
Dave and Busters (PLAY),PLAY,2018-06-11,D,2,$47.83
RH (RH),RH,2018-06-11,D,2,$118.73
Block (SQ),SQ,2018-06-11,F,1,$61.29
Twitter (TWTR),TWTR,2018-06-11,F,1,$41.42
UnitedHealth Group (UNH),UNH,2018-06-11,D,1,$253.78
Cisco Systems (CSCO),CSCO,2018-06-12,I,1,$43.94
Edwards Lifesciences (EW),EW,2018-06-12,D,1,$148.52
FedEx (FDX),FDX,2018-06-12,D,1,$265.53
Lockheed Martin (LMT),LMT,2018-06-12,D,1,$315.16
Northrop Grumman (NOC),NOC,2018-06-12,D,1,$329.35
Pepsico (PEP),PEP,2018-06-12,D,1,$104.48
PayPal (PYPL),PYPL,2018-06-12,D,1,$85.02
RH (RH),RH,2018-06-12,F,1,$155.00
Raytheon (RTN),RTN,2018-06-12,D,1,$206.61
Teladoc (TDOC),TDOC,2018-06-12,I,1,$56.70
Tapestry (TPR),TPR,2018-06-12,D,2,$45.82
Twitter (TWTR),TWTR,2018-06-12,D,1,$43.49
Time Warner (TWX),TWX,2018-06-12,D,2,$96.22
United States Steel (X),X,2018-06-12,D,2,$37.58
XPO Logistics (XPO),XPO,2018-06-12,D,1,$114.18
Abbott Laboratories (ABT),ABT,2018-06-13,F,1,$62.63
Accenture (ACN),ACN,2018-06-13,F,1,$163.02
Adobe Systems (ADBE),ADBE,2018-06-13,F,1,$256.13
Broadcom (AVGO),AVGO,2018-06-13,F,1,$263.58
Salesforce (CRM),CRM,2018-06-13,F,1,$136.50
DowDuPont (DWDP),DWDP,2018-06-13,F,1,$68.57
Meta (FB),FB,2018-06-13,D,1,$192.41
Netflix (NFLX),NFLX,2018-06-13,D,1,$379.93
NVIDIA (NVDA),NVDA,2018-06-13,F,1,$262.40
PayPal (PYPL),PYPL,2018-06-13,F,1,$85.27
RH (RH),RH,2018-06-13,I,1,$154.92
Texas Instruments (TXN),TXN,2018-06-13,F,1,$114.00
Union Pacific (UNP),UNP,2018-06-13,F,1,$144.28
United Parcel Service (UPS),UPS,2018-06-13,F,4,$117.33
United Technologies (UTX),UTX,2018-06-13,F,1,$126.94
XPO Logistics (XPO),XPO,2018-06-13,D,1,$113.30
Adobe Systems (ADBE),ADBE,2018-06-14,I,1,$258.10
H&R Block (HRB),HRB,2018-06-14,F,5,$23.77
Netflix (NFLX),NFLX,2018-06-14,D,2,$392.87
Thor Industries (THO),THO,2018-06-14,I,1,$98.50
Tailored Brands (TLRD),TLRD,2018-06-14,F,5,$26.19
Zuora (ZUO),ZUO,2018-06-14,I,1,$31.34
Apple (AAPL),AAPL,2018-06-15,D,1,$188.84
Adobe Systems (ADBE),ADBE,2018-06-15,D,1,$251.82
Centene (CNC),CNC,2018-06-15,I,1,$123.77
Costco (COST),COST,2018-06-15,D,1,$207.32
Darden Restaurants (DRI),DRI,2018-06-15,D,1,$94.10
FedEx (FDX),FDX,2018-06-15,D,1,$264.56
Kroger (KR),KR,2018-06-15,D,4,$25.88
Manitowoc (MTW),MTW,2018-06-15,I,1,$25.45
Micron Technology (MU),MU,2018-06-15,D,1,$58.23
Netflix (NFLX),NFLX,2018-06-15,D,1,$391.98
New York Times (NYT),NYT,2018-06-15,D,1,$25.35
PayPal (PYPL),PYPL,2018-06-15,D,1,$85.31
Qualcomm (QCOM),QCOM,2018-06-15,D,2,$59.86
Red Hat (RHT),RHT,2018-06-15,D,1,$174.99
Block (SQ),SQ,2018-06-15,D,1,$64.48
Winnebago Industries (WGO),WGO,2018-06-15,D,4,$40.00
Zuora (ZUO),ZUO,2018-06-15,D,1,$34.63
Advanced Micro Devices (AMD),AMD,2018-06-18,D,1,$17.11
Boeing (BA),BA,2018-06-18,D,1,$354.74
Citigroup (C),C,2018-06-18,D,1,$66.75
Caterpillar (CAT),CAT,2018-06-18,D,1,$148.68
Carbon Black (CBLK),CBLK,2018-06-18,D,4,$34.06
Coupa Software (COUP),COUP,2018-06-18,D,2,$63.10
Dropbox (DBX),DBX,2018-06-18,D,1,$42.00
DocuSign (DOCU),DOCU,2018-06-18,D,4,$63.90
Ford Motor (F),F,2018-06-18,D,1,$11.99
Genpact (G),G,2018-06-18,D,1,$30.84
Goldman Sachs (GS),GS,2018-06-18,D,1,$231.39
Johnson & Johnson (JNJ),JNJ,2018-06-18,D,1,$121.32
Lennar (LEN),LEN,2018-06-18,D,1,$51.97
3M (MMM),MMM,2018-06-18,D,1,$204.17
Okta (OKTA),OKTA,2018-06-18,D,2,$55.00
Pivotal Software (PVTL),PVTL,2018-06-18,D,4,$27.84
Twitter (TWTR),TWTR,2018-06-18,D,1,$46.00
Walmart (WMT),WMT,2018-06-18,D,1,$83.00
ZScaler (ZS),ZS,2018-06-18,D,4,$40.40
Zuora (ZUO),ZUO,2018-06-18,D,2,$37.09
Citigroup (C),C,2018-06-19,D,1,$66.78
Carrizo Oil & Gas (CRZO),CRZO,2018-06-19,I,1,$28.36
CVS Health (CVS),CVS,2018-06-19,D,1,$70.77
FedEx (FDX),FDX,2018-06-19,D,4,$258.39
Optinose (OPTN),OPTN,2018-06-19,I,1,$24.47
Starbucks (SBUX),SBUX,2018-06-19,D,4,$57.43
Tesla (TSLA),TSLA,2018-06-19,D,1,$352.55
Walgreens Boots Alliance (WBA),WBA,2018-06-19,D,1,$64.61
Aimmune Therapeutics (AIMT),AIMT,2018-06-20,I,1,$30.20
Walt Disney (DIS),DIS,2018-06-20,D,2,$107.15
Meta (FB),FB,2018-06-20,D,1,$202.00
General Electric (GE),GE,2018-06-20,F,4,$12.88
H&R Block (HRB),HRB,2018-06-20,F,5,$24.07
Intuit (INTU),INTU,2018-06-20,F,1,$213.52
Netflix (NFLX),NFLX,2018-06-20,D,1,$416.76
Oracle (ORCL),ORCL,2018-06-20,D,4,$42.82
PayPal (PYPL),PYPL,2018-06-20,D,1,$85.95
Starbucks (SBUX),SBUX,2018-06-20,D,4,$52.22
Spotify (SPOT),SPOT,2018-06-20,D,1,$176.40
Block (SQ),SQ,2018-06-20,D,1,$67.59
Thor Industries (THO),THO,2018-06-20,D,1,$104.76
Twitter (TWTR),TWTR,2018-06-20,D,1,$46.13
Winnebago Industries (WGO),WGO,2018-06-20,D,2,$46.35
Williams-Sonoma (WSM),WSM,2018-06-20,I,1,$64.55
Darden Restaurants (DRI),DRI,2018-06-21,D,4,$107.06
DowDuPont (DWDP),DWDP,2018-06-21,D,1,$65.28
Intel (INTC),INTC,2018-06-21,D,1,$52.19
Kroger (KR),KR,2018-06-21,D,2,$28.73
3M (MMM),MMM,2018-06-21,D,1,$195.52
Micron Technology (MU),MU,2018-06-21,F,1,$59.44
Okta (OKTA),OKTA,2018-06-21,I,1,$53.22
United Technologies (UTX),UTX,2018-06-21,D,1,$123.48
Accenture (ACN),ACN,2018-06-22,D,2,$159.63
Bed Bath & Beyond (BBBY),BBBY,2018-06-22,D,4,$20.07
Citigroup (C),C,2018-06-22,D,1,$67.20
ConAgra Foods (CAG),CAG,2018-06-22,D,1,$38.55
Carnival (CCL),CCL,2018-06-22,D,2,$63.53
Entergy (ETR),ETR,2018-06-22,I,1,$80.21
General Mills (GIS),GIS,2018-06-22,D,2,$45.22
Lennar (LEN),LEN,2018-06-22,D,4,$51.20
McCormick (MKC),MKC,2018-06-22,D,1,$106.09
Paychex (PAYX),PAYX,2018-06-22,D,2,$70.22
Red Hat (RHT),RHT,2018-06-22,I,1,$142.14
Constellation Brands (STZ),STZ,2018-06-22,D,2,$231.52
Walgreens Boots Alliance (WBA),WBA,2018-06-22,D,2,$67.61
Bilibili (BILI),BILI,2018-07-05,D,4,$12.90
Dropbox (DBX),DBX,2018-07-05,D,1,$31.46
Meta (FB),FB,2018-07-05,D,1,$198.45
iQIYI (IQ),IQ,2018-07-05,D,4,$31.19
KB Home (KBH),KBH,2018-07-05,D,2,$26.48
McCormick (MKC),MKC,2018-07-05,D,2,$118.12
Herman Miller (MLHR),MLHR,2018-07-05,D,2,$38.75
Netflix (NFLX),NFLX,2018-07-05,D,1,$398.39
Paychex (PAYX),PAYX,2018-07-05,I,1,$69.08
Starbucks (SBUX),SBUX,2018-07-05,D,4,$48.61
Spotify (SPOT),SPOT,2018-07-05,D,1,$176.44
Twitter (TWTR),TWTR,2018-07-05,D,1,$45.06
Zuora (ZUO),ZUO,2018-07-05,D,2,$26.74
Citigroup (C),C,2018-07-06,D,1,$67.14
ConAgra Foods (CAG),CAG,2018-07-06,F,1,$35.73
CytoSorbents (CTSO),CTSO,2018-07-06,M,2,$11.50
General Electric (GE),GE,2018-07-06,F,1,$13.85
General Mills (GIS),GIS,2018-07-06,D,2,$45.04
Installed Building Produc (IBP),IBP,2018-07-06,M,4,$56.15
JPMorgan Chase (JPM),JPM,2018-07-06,D,2,$104.06
Nordstrom (JWN),JWN,2018-07-06,D,4,$53.95
Pepsico (PEP),PEP,2018-07-06,D,2,$109.56
PNC Financial (PNC),PNC,2018-07-06,D,2,$136.00
Sunrun (RUN),RUN,2018-07-06,M,2,$15.49
Schlumberger (SLB),SLB,2018-07-06,D,1,$67.03
Wells Fargo (WFC),WFC,2018-07-06,D,2,$55.89
Boeing (BA),BA,2018-07-09,D,1,$341.92
Bank of America (BAC),BAC,2018-07-09,D,2,$29.05
Citigroup (C),C,2018-07-09,D,1,$68.94
Caterpillar (CAT),CAT,2018-07-09,D,2,$140.97
Emerson Electric (EMR),EMR,2018-07-09,D,1,$70.84
FedEx (FDX),FDX,2018-07-09,D,2,$234.94
General Electric (GE),GE,2018-07-09,D,1,$13.95
Hasbro (HAS),HAS,2018-07-09,F,1,$96.74
JPMorgan Chase (JPM),JPM,2018-07-09,D,2,$107.28
Mattel (MAT),MAT,2018-07-09,D,4,$17.62
MongoDB (MDB),MDB,2018-07-09,I,1,$52.91
3M (MMM),MMM,2018-07-09,D,1,$200.53
Morgan Stanley (MS),MS,2018-07-09,D,2,$48.41
Stitch Fix (SFIX),SFIX,2018-07-09,F,1,$31.12
United Parcel Service (UPS),UPS,2018-07-09,D,1,$108.59
United Rentals (URI),URI,2018-07-09,D,1,$155.11
United Technologies (UTX),UTX,2018-07-09,D,1,$126.68
Wynn Resorts (WYNN),WYNN,2018-07-09,D,1,$160.13
Allergan (AGN),AGN,2018-07-10,F,4,$175.95
Core Labs (CLB),CLB,2018-07-10,I,1,$119.67
Jack Henry & Associates (JKHY),JKHY,2018-07-10,F,1,$134.25
Pepsico (PEP),PEP,2018-07-10,F,1,$112.89
American Airlines (AAL),AAL,2018-07-11,D,4,$35.96
Boeing (BA),BA,2018-07-11,D,4,$340.60
Caterpillar (CAT),CAT,2018-07-11,D,4,$136.76
Canopy Growth (CGC),CGC,2018-07-11,I,1,$29.59
Meta (FB),FB,2018-07-11,D,1,$202.54
Honeywell (HON),HON,2018-07-11,D,4,$144.52
Lockheed Martin (LMT),LMT,2018-07-11,D,2,$306.58
Mastercard (MA),MA,2018-07-11,D,1,$203.84
3M (MMM),MMM,2018-07-11,D,4,$197.68
Netflix (NFLX),NFLX,2018-07-11,D,1,$418.65
Northrop Grumman (NOC),NOC,2018-07-11,D,2,$311.77
Palo Alto Networks (PANW),PANW,2018-07-11,D,1,$212.79
Proofpoint (PFPT),PFPT,2018-07-11,D,1,$122.02
Raytheon (RTN),RTN,2018-07-11,D,2,$194.03
Visa (V),V,2018-07-11,D,1,$138.15
VMware (VMW),VMW,2018-07-11,I,1,$153.59
Apple (AAPL),AAPL,2018-07-12,D,1,$191.03
Adobe Systems (ADBE),ADBE,2018-07-12,D,1,$254.87
Broadcom (AVGO),AVGO,2018-07-12,D,4,$209.98
Boyd Gaming (BYD),BYD,2018-07-12,D,1,$38.19
Churchill Downs (CHDN),CHDN,2018-07-12,D,1,$302.45
Electronic Arts (EA),EA,2018-07-12,D,1,$148.61
Meta (FB),FB,2018-07-12,D,1,$206.92
Johnson & Johnson (JNJ),JNJ,2018-07-12,D,1,$127.76
Las Vegas Sands (LVS),LVS,2018-07-12,D,4,$73.18
Mastercard (MA),MA,2018-07-12,D,1,$207.78
MGM Resorts (MGM),MGM,2018-07-12,D,3,$30.50
Netflix (NFLX),NFLX,2018-07-12,D,4,$413.50
ServiceNow (NOW),NOW,2018-07-12,D,1,$194.66
Penn National Gaming (PENN),PENN,2018-07-12,D,1,$36.45
Sage Therapeutics (SAGE),SAGE,2018-07-12,I,1,$167.79
Splunk (SPLK),SPLK,2018-07-12,D,1,$105.94
Take-Two Interactive (TTWO),TTWO,2018-07-12,D,1,$126.24
Visa (V),V,2018-07-12,D,1,$139.90
VICI Properties (VICI),VICI,2018-07-12,D,1,$20.94
Vistra Energy (VST),VST,2018-07-12,I,1,$23.19
Wynn Resorts (WYNN),WYNN,2018-07-12,D,4,$164.53
Boeing (BA),BA,2018-07-16,F,1,$356.10
Bank of America (BAC),BAC,2018-07-16,I,1,$29.78
Citigroup (C),C,2018-07-16,D,1,$69.46
Enbridge (ENB),ENB,2018-07-16,I,1,$35.36
General Electric (GE),GE,2018-07-16,D,2,$13.90
Honeywell (HON),HON,2018-07-16,D,2,$146.40
JPMorgan Chase (JPM),JPM,2018-07-16,D,1,$110.58
McCormick (MKC),MKC,2018-07-16,F,1,$118.47
Netflix (NFLX),NFLX,2018-07-16,D,2,$400.48
Pfizer (PFE),PFE,2018-07-16,D,4,$37.38
Wells Fargo (WFC),WFC,2018-07-16,D,1,$56.99
Bed Bath & Beyond (BBBY),BBBY,2018-07-17,F,4,$19.13
Celgene (CELG),CELG,2018-07-17,D,2,$85.85
Gilead Sciences (GILD),GILD,2018-07-17,D,2,$77.20
Canada Goose (GOOS),GOOS,2018-07-17,F,1,$63.60
Honeywell (HON),HON,2018-07-17,D,2,$148.49
Illumina (ILMN),ILMN,2018-07-17,D,1,$305.49
Johnson & Johnson (JNJ),JNJ,2018-07-17,D,2,$129.11
Lennar (LEN),LEN,2018-07-17,D,2,$55.55
Lululemon Athletica (LULU),LULU,2018-07-17,F,1,$129.45
Netflix (NFLX),NFLX,2018-07-17,D,1,$379.48
Urban Outfitters (URBN),URBN,2018-07-17,F,1,$45.92
Wayfair (W),W,2018-07-17,F,4,$124.65
Williams-Sonoma (WSM),WSM,2018-07-17,F,1,$61.93
Citigroup (C),C,2018-07-18,D,2,$69.85
CSX (CSX),CSX,2018-07-18,D,1,$69.00
D R Horton (DHI),DHI,2018-07-18,D,2,$43.25
Ford Motor (F),F,2018-07-18,D,2,$10.87
First Horizon National (FHN),FHN,2018-07-18,I,1,$17.03
Federal Realty Investment (FRT),FRT,2018-07-18,F,1,$123.16
General Motors (GM),GM,2018-07-18,D,2,$39.87
Goldman Sachs (GS),GS,2018-07-18,D,2,$231.24
IBM (IBM),IBM,2018-07-18,I,1,$144.52
Lennar (LEN),LEN,2018-07-18,D,2,$55.17
Netflix (NFLX),NFLX,2018-07-18,D,2,$375.13
Pennsylvania Real Estate  (PEI),PEI,2018-07-18,F,1,$10.63
Simon Property Group (SPG),SPG,2018-07-18,F,1,$170.72
United Continental (UAL),UAL,2018-07-18,D,1,$79.00
Alcoa (AA),AA,2018-07-19,D,4,$41.56
Abbott Laboratories (ABT),ABT,2018-07-19,M,1,$63.78
AtriCure (ATRC),ATRC,2018-07-19,M,1,$29.32
Danaher (DHR),DHR,2018-07-19,D,1,$103.20
Walt Disney (DIS),DIS,2018-07-19,D,1,$112.13
Domino's Pizza (DPZ),DPZ,2018-07-19,I,1,$276.75
Dexcom (DXCM),DXCM,2018-07-19,M,1,$102.54
Five Below (FIVE),FIVE,2018-07-19,D,2,$107.93
IBM (IBM),IBM,2018-07-19,D,1,$149.24
Live Oak Bancshares (LOB),LOB,2018-07-19,M,1,$31.95
Mastercard (MA),MA,2018-07-19,D,1,$206.06
Nucor (NUE),NUE,2018-07-19,I,1,$64.67
PayPal (PYPL),PYPL,2018-07-19,D,1,$87.38
Senseonics (SENS),SENS,2018-07-19,M,4,$3.87
Block (SQ),SQ,2018-07-19,D,1,$70.32
Union Pacific (UNP),UNP,2018-07-19,D,4,$140.41
Visa (V),V,2018-07-19,D,1,$140.13
Abbott Laboratories (ABT),ABT,2018-07-23,F,1,$63.20
General Electric (GE),GE,2018-07-23,D,4,$12.99
Halliburton (HAL),HAL,2018-07-23,D,4,$41.54
Hasbro (HAS),HAS,2018-07-23,I,1,$106.04
Honeywell (HON),HON,2018-07-23,D,1,$153.70
Illinois Tool Works (ITW),ITW,2018-07-23,D,5,$136.26
JPMorgan Chase (JPM),JPM,2018-07-23,D,1,$113.35
Mattel (MAT),MAT,2018-07-23,D,5,$16.59
McCormick (MKC),MKC,2018-07-23,I,1,$117.20
Microsoft (MSFT),MSFT,2018-07-23,D,1,$107.97
Schlumberger (SLB),SLB,2018-07-23,D,1,$65.74
Skyworks Solutions (SWKS),SWKS,2018-07-23,D,4,$96.44
UnitedHealth Group (UNH),UNH,2018-07-23,D,1,$252.74
Centene (CNC),CNC,2018-07-24,I,1,$130.00
Salesforce (CRM),CRM,2018-07-24,D,2,$146.00
Danaher (DHR),DHR,2018-07-24,F,1,$103.55
Fortive (FTV),FTV,2018-07-24,D,1,$77.41
3M (MMM),MMM,2018-07-24,D,1,$200.68
Advanced Micro Devices (AMD),AMD,2018-07-30,D,1,$19.42
Chubb (CB),CB,2018-07-30,I,1,$139.85
Expedia (EXPE),EXPE,2018-07-30,D,1,$134.81
Meta (FB),FB,2018-07-30,D,4,$171.06
Honeywell (HON),HON,2018-07-30,D,1,$156.92
Ingersoll-Rand (IR),IR,2018-07-30,D,1,$97.22
Lam Research (LRCX),LRCX,2018-07-30,I,1,$187.84
Microsoft (MSFT),MSFT,2018-07-30,D,1,$105.37
NXP Semiconductors (NXPI),NXPI,2018-07-30,F,1,$94.83
Twitter (TWTR),TWTR,2018-07-30,D,4,$31.38
United Technologies (UTX),UTX,2018-07-30,D,1,$133.10
Apple (AAPL),AAPL,2018-07-31,F,1,$190.29
Automatic Data Processing (ADP),ADP,2018-07-31,D,1,$134.99
Costco (COST),COST,2018-07-31,D,1,$218.71
Cintas (CTAS),CTAS,2018-07-31,D,1,$204.48
Cypress Semiconductor (CY),CY,2018-07-31,I,1,$17.81
Home Depot (HD),HD,2018-07-31,D,1,$197.52
Honeywell (HON),HON,2018-07-31,D,2,$159.65
3M (MMM),MMM,2018-07-31,D,2,$212.32
Paychex (PAYX),PAYX,2018-07-31,D,1,$69.02
Pool Corp (POOL),POOL,2018-07-31,I,1,$153.25
Target (TGT),TGT,2018-07-31,D,1,$80.68
United Technologies (UTX),UTX,2018-07-31,D,2,$135.74
Walmart (WMT),WMT,2018-07-31,D,1,$89.23
Apple (AAPL),AAPL,2018-08-01,F,1,$201.50
AGCO (AGCO),AGCO,2018-08-01,I,1,$61.59
Activision Blizzard (ATVI),ATVI,2018-08-01,D,1,$73.08
ConAgra Foods (CAG),CAG,2018-08-01,D,1,$36.36
Walt Disney (DIS),DIS,2018-08-01,D,1,$112.97
Domino's Pizza (DPZ),DPZ,2018-08-01,D,1,$270.34
Electronic Arts (EA),EA,2018-08-01,D,1,$127.48
Meta (FB),FB,2018-08-01,D,4,$171.65
Grubhub (GRUB),GRUB,2018-08-01,D,1,$125.00
Turtle Beach (HEAR),HEAR,2018-08-01,D,1,$28.15
Logitech International (LOGI),LOGI,2018-08-01,D,1,$43.65
McCormick (MKC),MKC,2018-08-01,D,1,$117.46
Netflix (NFLX),NFLX,2018-08-01,D,1,$338.38
Procter & Gamble (PG),PG,2018-08-01,F,4,$80.65
ProLogis (PLD),PLD,2018-08-01,D,1,$66.11
Spotify (SPOT),SPOT,2018-08-01,D,1,$180.12
Tyson Foods (TSN),TSN,2018-08-01,D,4,$57.60
Take-Two Interactive (TTWO),TTWO,2018-08-01,D,1,$112.24
Apple (AAPL),AAPL,2018-08-02,F,1,$207.39
Clorox (CLX),CLX,2018-08-02,I,1,$142.44
DowDuPont (DWDP),DWDP,2018-08-02,I,1,$66.44
Microsoft (MSFT),MSFT,2018-08-02,D,1,$107.57
Starbucks (SBUX),SBUX,2018-08-02,I,1,$51.68
Chipotle Mexican Grill (CMG),CMG,2018-08-06,D,2,$475.25
Walt Disney (DIS),DIS,2018-08-06,D,1,$115.94
Expedia (EXPE),EXPE,2018-08-06,F,1,$133.09
Meta (FB),FB,2018-08-06,D,2,$185.69
Henry Schein (HSIC),HSIC,2018-08-06,D,1,$82.17
MarketAxess (MKTX),MKTX,2018-08-06,I,1,$189.68
Newell Brands (NWL),NWL,2018-08-06,D,5,$22.76
Pepsico (PEP),PEP,2018-08-06,F,1,$117.38
PerkinElmer (PKI),PKI,2018-08-06,I,1,$85.66
T-Mobile US (TMUS),TMUS,2018-08-06,D,1,$66.30
Costco (COST),COST,2018-08-07,D,5,$223.86
Encompass Health (EHC),EHC,2018-08-07,D,4,$78.95
HCA Healthcare (HCA),HCA,2018-08-07,F,1,$129.44
Logitech International (LOGI),LOGI,2018-08-07,I,1,$45.79
Target (TGT),TGT,2018-08-07,D,5,$82.24
Walmart (WMT),WMT,2018-08-07,D,1,$89.77
AutoNation (AN),AN,2018-08-08,F,5,$47.70
AutoZone (AZO),AZO,2018-08-08,D,1,$732.79
CIGNA (CI),CI,2018-08-08,D,1,$189.46
CVS Health (CVS),CVS,2018-08-08,D,1,$68.17
Walt Disney (DIS),DIS,2018-08-08,D,1,$113.98
Fitbit (FIT),FIT,2018-08-08,D,5,$5.60
Idexx Laboratories (IDXX),IDXX,2018-08-08,I,1,$246.22
Carmax (KMX),KMX,2018-08-08,F,1,$74.93
Roku (ROKU),ROKU,2018-08-08,D,2,$47.25
Sonos (SONO),SONO,2018-08-08,F,5,$18.14
Tesla (TSLA),TSLA,2018-08-08,F,3,$370.34
Cummins (CMI),CMI,2018-08-09,D,2,$142.02
CenturyLink (CTL),CTL,2018-08-09,D,1,$20.97
CyberArk Software (CYBR),CYBR,2018-08-09,I,1,$69.89
DowDuPont (DWDP),DWDP,2018-08-09,D,1,$69.02
Michael Kors (KORS),KORS,2018-08-09,D,1,$72.34
Magna International (MGA),MGA,2018-08-09,I,1,$53.87
Roku (ROKU),ROKU,2018-08-09,D,1,$57.32
Spotify (SPOT),SPOT,2018-08-09,D,1,$187.38
Tellurian (TELL),TELL,2018-08-09,D,2,$7.13
Viacom (VIAB),VIAB,2018-08-09,D,1,$30.34
World Wrestling Entertain (WWE),WWE,2018-08-09,F,1,$79.06
Yelp (YELP),YELP,2018-08-09,D,1,$48.33
Apple (AAPL),AAPL,2018-08-13,D,1,$208.87
Abbott Laboratories (ABT),ABT,2018-08-13,D,1,$63.43
Baxter International (BAX),BAX,2018-08-13,D,1,$70.71
Brinks (BCO),BCO,2018-08-13,I,1,$77.80
Burlington Stores (BURL),BURL,2018-08-13,D,1,$160.15
Centene (CNC),CNC,2018-08-13,D,1,$139.51
Dropbox (DBX),DBX,2018-08-13,F,1,$29.16
Expedia (EXPE),EXPE,2018-08-13,F,1,$131.49
Intuitive Surgical (ISRG),ISRG,2018-08-13,D,1,$520.36
Kohl's (KSS),KSS,2018-08-13,D,1,$76.42
Ralph Lauren (RL),RL,2018-08-13,D,1,$136.61
T-Mobile US (TMUS),TMUS,2018-08-13,D,1,$65.70
Take-Two Interactive (TTWO),TTWO,2018-08-13,D,1,$128.10
UnitedHealth Group (UNH),UNH,2018-08-13,D,1,$260.91
Verizon (VZ),VZ,2018-08-13,D,1,$52.22
Advance Auto Parts (AAP),AAP,2018-08-14,D,1,$156.13
CVS Health (CVS),CVS,2018-08-14,F,1,$71.38
Home Depot (HD),HD,2018-08-14,D,4,$193.10
Rite Aid (RAD),RAD,2018-08-14,D,5,$1.34
Tapestry (TPR),TPR,2018-08-14,I,1,$53.16
Apple (AAPL),AAPL,2018-08-15,D,1,$210.24
Goldman Sachs (GS),GS,2018-08-15,D,1,$229.25
Macy's (M),M,2018-08-15,D,1,$35.15
Post Holdings (POST),POST,2018-08-15,F,1,$94.78
Twilio (TWLO),TWLO,2018-08-15,I,1,$74.63
Apple (AAPL),AAPL,2018-08-16,D,1,$213.32
American Electric Power (AEP),AEP,2018-08-16,I,1,$72.34
Costco (COST),COST,2018-08-16,D,1,$223.19
Salesforce (CRM),CRM,2018-08-16,D,1,$145.73
Domino's Pizza (DPZ),DPZ,2018-08-16,D,1,$287.72
IAC Interactive (IAC),IAC,2018-08-16,F,1,$185.22
Netflix (NFLX),NFLX,2018-08-16,D,1,$322.44
Walmart (WMT),WMT,2018-08-16,D,1,$98.64
Analog Devices (ADI),ADI,2018-08-17,D,1,$94.58
Alibaba (BABA),BABA,2018-08-17,D,5,$172.78
Estee Lauder (EL),EL,2018-08-17,D,1,$135.94
Foot Locker (FL),FL,2018-08-17,D,1,$50.70
Gap (GPS),GPS,2018-08-17,D,5,$31.28
HP (HPQ),HPQ,2018-08-17,D,1,$24.54
Intuit (INTU),INTU,2018-08-17,D,1,$207.89
Kohl's (KSS),KSS,2018-08-17,D,1,$76.44
L Brands (LB),LB,2018-08-17,D,5,$32.55
Lowe's (LOW),LOW,2018-08-17,D,2,$97.98
Macy's (M),M,2018-08-17,D,2,$36.03
Medtronic (MDT),MDT,2018-08-17,D,1,$90.60
Ross Stores (ROST),ROST,2018-08-17,D,2,$91.87
Splunk (SPLK),SPLK,2018-08-17,D,1,$103.41
Target (TGT),TGT,2018-08-17,D,2,$83.04
TJX Companies (TJX),TJX,2018-08-17,D,1,$100.35
Toll Brothers (TOL),TOL,2018-08-17,D,4,$34.40
Ulta Beauty (ULTA),ULTA,2018-08-17,D,2,$235.04
Urban Outfitters (URBN),URBN,2018-08-17,D,1,$46.62
VMware (VMW),VMW,2018-08-17,D,1,$150.88
Apptio (APTI),APTI,2018-08-20,I,1,$35.56
CVS Health (CVS),CVS,2018-08-20,D,1,$74.62
Nordstrom (JWN),JWN,2018-08-20,F,1,$61.56
Kimberly-Clark (KMB),KMB,2018-08-20,D,1,$118.11
Pepsico (PEP),PEP,2018-08-20,D,1,$114.84
Simon Property Group (SPG),SPG,2018-08-20,D,1,$181.37
Constellation Brands (STZ),STZ,2018-08-20,D,1,$202.90
Ventas (VTR),VTR,2018-08-20,D,1,$59.41
Walmart (WMT),WMT,2018-08-20,F,1,$96.00
Cisco Systems (CSCO),CSCO,2018-08-21,F,1,$45.78
Pet IQ (PETQ),PETQ,2018-08-21,I,1,$36.79
Starbucks (SBUX),SBUX,2018-08-21,F,1,$54.00
Central Garden & Pet (CENT),CENT,2018-08-22,D,2,$39.29
Exact Sciences (EXAS),EXAS,2018-08-22,I,1,$65.32
Freshpet (FRPT),FRPT,2018-08-22,D,1,$35.50
General Mills (GIS),GIS,2018-08-22,D,2,$45.75
Home Depot (HD),HD,2018-08-22,D,1,$198.97
Henry Schein (HSIC),HSIC,2018-08-22,D,1,$81.93
Idexx Laboratories (IDXX),IDXX,2018-08-22,D,1,$245.89
Johnson & Johnson (JNJ),JNJ,2018-08-22,D,2,$134.61
Kohl's (KSS),KSS,2018-08-22,D,1,$79.04
NVIDIA (NVDA),NVDA,2018-08-22,D,1,$262.82
Pet IQ (PETQ),PETQ,2018-08-22,D,2,$39.07
PetMed Express (PETS),PETS,2018-08-22,D,2,$37.62
JM Smucker (SJM),SJM,2018-08-22,D,2,$105.40
Target (TGT),TGT,2018-08-22,D,1,$85.94
TJX Companies (TJX),TJX,2018-08-22,D,1,$105.76
Take-Two Interactive (TTWO),TTWO,2018-08-22,D,1,$129.23
Walmart (WMT),WMT,2018-08-22,D,1,$95.67
Williams-Sonoma (WSM),WSM,2018-08-22,D,1,$62.61
Zoetis (ZTS),ZTS,2018-08-22,D,1,$89.67
Advanced Micro Devices (AMD),AMD,2018-08-23,F,1,$22.29
Home Depot (HD),HD,2018-08-23,D,1,$200.16
Intel (INTC),INTC,2018-08-23,D,4,$46.98
JC Penney (JCP),JCP,2018-08-23,D,4,$1.78
L Brands (LB),LB,2018-08-23,D,4,$28.25
Lowe's (LOW),LOW,2018-08-23,D,1,$107.15
3M (MMM),MMM,2018-08-23,D,1,$202.75
NVIDIA (NVDA),NVDA,2018-08-23,D,1,$266.84
Children's Place (PLCE),PLCE,2018-08-23,D,1,$135.75
Tellurian (TELL),TELL,2018-08-23,I,1,$8.26
Williams-Sonoma (WSM),WSM,2018-08-23,F,1,$72.94
Best Buy (BBY),BBY,2018-08-24,D,1,$81.98
BJ's Wholesale Club (BJ),BJ,2018-08-24,D,4,$29.15
Burlington Stores (BURL),BURL,2018-08-24,D,2,$167.85
Costco (COST),COST,2018-08-24,D,1,$231.57
Campbell Soup (CPB),CPB,2018-08-24,D,4,$40.73
Salesforce (CRM),CRM,2018-08-24,D,1,$151.94
Dollar General (DG),DG,2018-08-24,D,1,$108.10
Dicks Sporting Goods (DKS),DKS,2018-08-24,D,1,$36.20
Dollar Tree (DLTR),DLTR,2018-08-24,D,4,$93.72
Hain Celestial Group (HAIN),HAIN,2018-08-24,D,4,$28.55
Lululemon Athletica (LULU),LULU,2018-08-24,D,1,$138.93
Nutanix (NTNX),NTNX,2018-08-24,D,1,$56.56
Phibro Animal Health (PAHC),PAHC,2018-08-24,D,1,$50.95
PVH Corp (PVH),PVH,2018-08-24,D,1,$154.39
Signet Jewelers (SIG),SIG,2018-08-24,D,2,$61.73
Tiffany & Co (TIF),TIF,2018-08-24,D,2,$131.81
Ulta Beauty (ULTA),ULTA,2018-08-24,D,1,$241.43
Zuora (ZUO),ZUO,2018-08-24,D,1,$33.25
Apple (AAPL),AAPL,2018-09-04,D,1,$228.36
Adobe Systems (ADBE),ADBE,2018-09-04,D,1,$266.68
Clean Harbors (CLH),CLH,2018-09-04,I,1,$69.08
Salesforce (CRM),CRM,2018-09-04,D,1,$153.21
Dicks Sporting Goods (DKS),DKS,2018-09-04,D,1,$38.52
Lululemon Athletica (LULU),LULU,2018-09-04,D,1,$157.29
ServiceNow (NOW),NOW,2018-09-04,D,1,$200.26
Children's Place (PLCE),PLCE,2018-09-04,D,1,$139.70
Red Hat (RHT),RHT,2018-09-04,D,1,$149.49
Signet Jewelers (SIG),SIG,2018-09-04,D,1,$63.18
Splunk (SPLK),SPLK,2018-09-04,D,1,$128.64
VMware (VMW),VMW,2018-09-04,D,1,$152.77
Workday (WDAY),WDAY,2018-09-04,D,1,$156.69
Walmart (WMT),WMT,2018-09-04,D,1,$95.36
Boeing (BA),BA,2018-09-05,D,4,$346.68
Caterpillar (CAT),CAT,2018-09-05,D,4,$140.59
Emerson Electric (EMR),EMR,2018-09-05,D,4,$77.27
Meta (FB),FB,2018-09-05,D,4,$167.18
Honeywell (HON),HON,2018-09-05,I,1,$161.79
Lululemon Athletica (LULU),LULU,2018-09-05,F,1,$152.74
3M (MMM),MMM,2018-09-05,D,1,$211.83
RH (RH),RH,2018-09-05,I,1,$131.51
Twitter (TWTR),TWTR,2018-09-05,D,4,$32.73
Workday (WDAY),WDAY,2018-09-05,D,1,$142.21
Abbott Laboratories (ABT),ABT,2018-09-06,D,1,$65.83
Adobe Systems (ADBE),ADBE,2018-09-06,D,1,$259.75
Activision Blizzard (ATVI),ATVI,2018-09-06,D,1,$71.96
Boeing (BA),BA,2018-09-06,D,2,$351.27
Canopy Growth (CGC),CGC,2018-09-06,D,1,$50.67
Clorox (CLX),CLX,2018-09-06,D,2,$149.72
Comcast (CMCSA),CMCSA,2018-09-06,I,1,$35.92
Salesforce (CRM),CRM,2018-09-06,D,1,$148.83
Dexcom (DXCM),DXCM,2018-09-06,D,1,$142.80
Exelon (EXC),EXC,2018-09-06,D,1,$44.36
Meta (FB),FB,2018-09-06,D,4,$162.53
Home Depot (HD),HD,2018-09-06,D,1,$205.89
Intuitive Surgical (ISRG),ISRG,2018-09-06,D,1,$541.86
Carmax (KMX),KMX,2018-09-06,D,5,$78.24
Micron Technology (MU),MU,2018-09-06,D,4,$44.65
Starbucks (SBUX),SBUX,2018-09-06,D,1,$54.21
Constellation Brands (STZ),STZ,2018-09-06,D,1,$208.62
Take-Two Interactive (TTWO),TTWO,2018-09-06,D,1,$130.35
Twitter (TWTR),TWTR,2018-09-06,D,4,$30.81
Workday (WDAY),WDAY,2018-09-06,D,1,$144.52
Broadcom (AVGO),AVGO,2018-09-07,D,1,$232.58
Five Below (FIVE),FIVE,2018-09-07,D,1,$130.89
Kroger (KR),KR,2018-09-07,D,2,$32.37
Dave and Busters (PLAY),PLAY,2018-09-07,D,1,$57.65
Sonos (SONO),SONO,2018-09-07,D,5,$18.75
S&P Global (SPGI),SPGI,2018-09-07,I,1,$206.88
Tesla (TSLA),TSLA,2018-09-07,D,5,$263.24
United Parcel Service (UPS),UPS,2018-09-07,D,1,$122.99
VF Corp (VFC),VFC,2018-09-07,D,2,$89.45
Advanced Micro Devices (AMD),AMD,2018-09-11,I,1,$30.10
NXP Semiconductors (NXPI),NXPI,2018-09-11,I,1,$89.57
Toll Brothers (TOL),TOL,2018-09-11,I,1,$36.57
Adobe Systems (ADBE),ADBE,2018-09-12,D,1,$267.79
Advanced Micro Devices (AMD),AMD,2018-09-12,D,1,$32.21
Coupa Software (COUP),COUP,2018-09-12,D,1,$78.80
Cintas (CTAS),CTAS,2018-09-12,D,1,$212.91
Tableau Software (DATA),DATA,2018-09-12,D,1,$115.09
Estee Lauder (EL),EL,2018-09-12,D,1,$139.73
Etsy (ETSY),ETSY,2018-09-12,D,1,$49.17
Diamondback Energy (FANG),FANG,2018-09-12,D,1,$120.51
Meta (FB),FB,2018-09-12,D,4,$162.00
Five Below (FIVE),FIVE,2018-09-12,I,1,$131.37
HD Supply (HDS),HDS,2018-09-12,D,1,$43.60
Turtle Beach (HEAR),HEAR,2018-09-12,F,5,$22.50
HubSpot (HUBS),HUBS,2018-09-12,D,1,$159.15
Kraft Heinz (KHC),KHC,2018-09-12,D,2,$59.12
Kimberly-Clark (KMB),KMB,2018-09-12,D,1,$116.31
Micron Technology (MU),MU,2018-09-12,D,4,$41.74
New Relic (NEWR),NEWR,2018-09-12,D,1,$109.64
ServiceNow (NOW),NOW,2018-09-12,D,1,$202.77
Okta (OKTA),OKTA,2018-09-12,D,1,$74.17
Procter & Gamble (PG),PG,2018-09-12,D,1,$83.11
Snap-on (SNA),SNA,2018-09-12,D,1,$186.43
Snap (SNAP),SNAP,2018-09-12,D,4,$9.20
Splunk (SPLK),SPLK,2018-09-12,D,1,$125.94
Block (SQ),SQ,2018-09-12,D,1,$90.44
ShotSpotter (SSTI),SSTI,2018-09-12,F,5,$59.61
AT&T (T),T,2018-09-12,D,1,$33.42
Atlassian (TEAM),TEAM,2018-09-12,D,1,$89.58
T-Mobile US (TMUS),TMUS,2018-09-12,D,1,$67.92
Verizon (VZ),VZ,2018-09-12,D,1,$54.97
Apple (AAPL),AAPL,2018-09-13,F,1,$226.41
AeroVironment (AVAV),AVAV,2018-09-13,I,1,$111.44
CSX (CSX),CSX,2018-09-13,F,1,$73.18
Kansas City Southern (KSU),KSU,2018-09-13,F,1,$116.67
Norfolk Southern (NSC),NSC,2018-09-13,F,1,$177.47
Union Pacific (UNP),UNP,2018-09-13,F,1,$156.63
AutoZone (AZO),AZO,2018-09-14,D,1,$749.20
Boot Barn (BOOT),BOOT,2018-09-14,I,1,$29.68
Broadridge Financial (BR),BR,2018-09-14,I,1,$137.72
Darden Restaurants (DRI),DRI,2018-09-14,D,2,$119.05
FedEx (FDX),FDX,2018-09-14,D,4,$255.44
General Mills (GIS),GIS,2018-09-14,D,4,$47.75
Goldman Sachs (GS),GS,2018-09-14,D,1,$229.24
Herman Miller (MLHR),MLHR,2018-09-14,D,2,$37.35
Micron Technology (MU),MU,2018-09-14,D,4,$44.30
Oracle (ORCL),ORCL,2018-09-14,D,4,$49.25
Red Hat (RHT),RHT,2018-09-14,D,1,$148.86
Thor Industries (THO),THO,2018-09-14,D,4,$98.86
Wingstop (WING),WING,2018-09-14,F,1,$66.36
American Express (AXP),AXP,2018-09-17,D,1,$109.20
Bausch Health (BHC),BHC,2018-09-17,I,1,$22.55
Centene (CNC),CNC,2018-09-17,D,1,$141.75
Camping World (CWH),CWH,2018-09-17,I,1,$21.26
DowDuPont (DWDP),DWDP,2018-09-17,D,1,$68.82
Emerson Electric (EMR),EMR,2018-09-17,D,1,$77.77
Honeywell (HON),HON,2018-09-17,D,1,$165.75
Mastercard (MA),MA,2018-09-17,D,1,$216.47
Block (SQ),SQ,2018-09-17,D,1,$86.86
UnitedHealth Group (UNH),UNH,2018-09-17,D,1,$263.87
United Technologies (UTX),UTX,2018-09-17,D,1,$137.76
Visa (V),V,2018-09-17,D,1,$146.18
VF Corp (VFC),VFC,2018-09-17,F,1,$91.15
Apple (AAPL),AAPL,2018-09-18,D,1,$218.24
Meta (FB),FB,2018-09-18,D,4,$160.30
Netflix (NFLX),NFLX,2018-09-18,D,1,$367.65
Oracle (ORCL),ORCL,2018-09-18,D,2,$49.03
Splunk (SPLK),SPLK,2018-09-18,F,1,$116.31
Block (SQ),SQ,2018-09-18,I,1,$87.99
Tilray (TLRY),TLRY,2018-09-18,I,1,$154.98
Citigroup (C),C,2018-09-20,D,1,$74.79
Caterpillar (CAT),CAT,2018-09-20,D,1,$156.00
Canopy Growth (CGC),CGC,2018-09-20,D,2,$52.40
Corbus Pharmaceuticals (CRBP),CRBP,2018-09-20,I,2,$7.95
Meta (FB),FB,2018-09-20,D,4,$166.02
JPMorgan Chase (JPM),JPM,2018-09-20,D,1,$118.63
NVIDIA (NVDA),NVDA,2018-09-20,D,1,$266.28
Red Hat (RHT),RHT,2018-09-20,D,4,$133.81
Tilray (TLRY),TLRY,2018-09-20,F,5,$176.35
Accenture (ACN),ACN,2018-09-21,D,1,$174.19
Ascena Retail Group (ASNA),ASNA,2018-09-21,D,2,$4.22
Bed Bath & Beyond (BBBY),BBBY,2018-09-21,D,5,$19.13
ConAgra Foods (CAG),CAG,2018-09-21,D,1,$37.45
Salesforce (CRM),CRM,2018-09-21,D,1,$155.52
Cintas (CTAS),CTAS,2018-09-21,D,1,$211.70
JPMorgan Chase (JPM),JPM,2018-09-21,D,1,$117.85
Carmax (KMX),KMX,2018-09-21,D,1,$78.17
McCormick (MKC),MKC,2018-09-21,D,1,$130.22
Vail Resorts (MTN),MTN,2018-09-21,D,1,$282.24
Micron Technology (MU),MU,2018-09-21,F,1,$44.74
Nike (NKE),NKE,2018-09-21,D,1,$85.55
Red Hat (RHT),RHT,2018-09-21,I,2,$134.62
Signet Jewelers (SIG),SIG,2018-09-21,F,1,$66.63
Elanco Animal Health (ELAN),ELAN,2018-09-24,F,4,$34.90
Diamondback Energy (FANG),FANG,2018-09-24,D,2,$132.86
Idexx Laboratories (IDXX),IDXX,2018-09-24,D,1,$242.71
JPMorgan Chase (JPM),JPM,2018-09-24,I,1,$116.72
Netflix (NFLX),NFLX,2018-09-24,D,2,$369.61
Zoetis (ZTS),ZTS,2018-09-24,D,1,$89.65
Salesforce (CRM),CRM,2018-09-25,I,1,$158.87
Dropbox (DBX),DBX,2018-09-25,I,1,$27.14
Meta (FB),FB,2018-09-25,D,4,$164.91
FireEye (FEYE),FEYE,2018-09-25,I,1,$17.21
Micron Technology (MU),MU,2018-09-25,D,1,$44.64
Block (SQ),SQ,2018-09-25,D,1,$95.35
Best Buy (BBY),BBY,2018-09-26,D,1,$79.63
Burlington Stores (BURL),BURL,2018-09-26,D,1,$165.36
Foot Locker (FL),FL,2018-09-26,D,1,$50.12
Canada Goose (GOOS),GOOS,2018-09-26,D,1,$63.64
GoPro (GPRO),GPRO,2018-09-26,D,2,$6.92
Nike (NKE),NKE,2018-09-26,D,2,$83.70
TJX Companies (TJX),TJX,2018-09-26,D,1,$111.74
United Continental (UAL),UAL,2018-09-26,I,1,$88.97
Bed Bath & Beyond (BBBY),BBBY,2018-09-27,D,5,$14.86
Box (BOX),BOX,2018-09-27,I,1,$23.58
Salesforce (CRM),CRM,2018-09-27,D,1,$160.43
Cisco Systems (CSCO),CSCO,2018-09-27,I,1,$48.33
Ford Motor (F),F,2018-09-27,D,4,$9.23
General Motors (GM),GM,2018-09-27,D,4,$33.67
HP (HPQ),HPQ,2018-09-27,I,1,$25.63
Coca-Cola (KO),KO,2018-09-27,D,1,$46.01
Marriott International (MAR),MAR,2018-09-27,D,1,$133.42
Nike (NKE),NKE,2018-09-27,D,1,$84.54
Costco (COST),COST,2018-09-28,D,2,$234.88
Salesforce (CRM),CRM,2018-09-28,F,1,$159.03
Lennar (LEN),LEN,2018-09-28,D,4,$46.69
ServiceNow (NOW),NOW,2018-09-28,I,1,$195.63
Paychex (PAYX),PAYX,2018-09-28,D,2,$73.65
Pepsico (PEP),PEP,2018-09-28,D,2,$111.80
Stitch Fix (SFIX),SFIX,2018-09-28,D,1,$43.77
Block (SQ),SQ,2018-09-28,D,1,$99.01
Constellation Brands (STZ),STZ,2018-09-28,D,1,$215.62
Tesla (TSLA),TSLA,2018-09-28,F,5,$264.77
VMware (VMW),VMW,2018-09-28,I,1,$156.06
Advance Auto Parts (AAP),AAP,2018-10-01,D,1,$169.60
AutoNation (AN),AN,2018-10-01,D,4,$41.53
Boeing (BA),BA,2018-10-01,D,1,$382.29
Costco (COST),COST,2018-10-01,D,1,$234.65
CVS Health (CVS),CVS,2018-10-01,D,1,$79.50
Etsy (ETSY),ETSY,2018-10-01,D,1,$49.96
Ford Motor (F),F,2018-10-01,D,4,$9.32
General Electric (GE),GE,2018-10-01,D,2,$12.09
GreenSky (GSKY),GSKY,2018-10-01,M,2,$18.01
Kroger (KR),KR,2018-10-01,D,4,$28.75
Grand Canyon Education (LOPE),LOPE,2018-10-01,M,2,$113.33
O'Reilly Automotive (ORLY),ORLY,2018-10-01,D,1,$345.78
Survey Monkey (SVMK),SVMK,2018-10-01,F,5,$15.70
Switch (SWCH),SWCH,2018-10-01,M,5,$10.64
Tesla (TSLA),TSLA,2018-10-01,D,2,$310.70
Broadcom (AVGO),AVGO,2018-10-02,D,4,$248.10
Burlington Stores (BURL),BURL,2018-10-02,D,1,$154.54
General Electric (GE),GE,2018-10-02,F,4,$12.32
Intel (INTC),INTC,2018-10-02,D,2,$48.10
NVIDIA (NVDA),NVDA,2018-10-02,D,4,$286.48
Paychex (PAYX),PAYX,2018-10-02,I,1,$74.78
Pepsico (PEP),PEP,2018-10-02,D,1,$108.72
Ross Stores (ROST),ROST,2018-10-02,D,1,$96.32
TJX Companies (TJX),TJX,2018-10-02,D,1,$110.42
Texas Instruments (TXN),TXN,2018-10-02,D,2,$108.46
AutoNation (AN),AN,2018-10-03,D,4,$40.09
CyrusOne (CONE),CONE,2018-10-03,I,1,$63.11
Carvana (CVNA),CVNA,2018-10-03,F,1,$54.55
Carmax (KMX),KMX,2018-10-03,D,2,$73.51
Micron Technology (MU),MU,2018-10-03,F,1,$45.15
Pepsico (PEP),PEP,2018-10-03,D,2,$107.52
Western Digital (WDC),WDC,2018-10-03,F,4,$58.36
Chipotle Mexican Grill (CMG),CMG,2018-10-04,I,1,$447.77
Constellation Brands (STZ),STZ,2018-10-04,I,1,$222.10
Best Buy (BBY),BBY,2018-10-05,D,4,$72.55
Citigroup (C),C,2018-10-05,D,2,$72.42
Cloudera (CLDR),CLDR,2018-10-05,I,1,$17.90
CVS Health (CVS),CVS,2018-10-05,D,1,$78.67
Guidewire Software (GWRE),GWRE,2018-10-05,F,1,$96.74
JPMorgan Chase (JPM),JPM,2018-10-05,D,2,$114.62
Eli Lilly (LLY),LLY,2018-10-05,F,1,$115.02
Macy's (M),M,2018-10-05,D,4,$32.83
Okta (OKTA),OKTA,2018-10-05,D,2,$65.11
Ollie's Bargain Outlet (OLLI),OLLI,2018-10-05,D,2,$88.00
PNC Financial (PNC),PNC,2018-10-05,D,4,$138.52
JM Smucker (SJM),SJM,2018-10-05,D,4,$102.95
Target (TGT),TGT,2018-10-05,D,4,$84.52
TJX Companies (TJX),TJX,2018-10-05,D,1,$110.30
Walgreens Boots Alliance (WBA),WBA,2018-10-05,D,4,$72.51
Wells Fargo (WFC),WFC,2018-10-05,D,2,$53.19
Adobe Systems (ADBE),ADBE,2018-10-08,D,4,$254.69
Walt Disney (DIS),DIS,2018-10-08,D,1,$116.02
Kimberly-Clark (KMB),KMB,2018-10-08,D,1,$114.27
Netflix (NFLX),NFLX,2018-10-08,D,1,$349.10
ServiceNow (NOW),NOW,2018-10-08,D,4,$180.26
Pepsico (PEP),PEP,2018-10-08,D,2,$108.19
PPG Industries (PPG),PPG,2018-10-08,D,4,$109.58
Take-Two Interactive (TTWO),TTWO,2018-10-08,D,1,$126.82
Viacom (VIAB),VIAB,2018-10-08,D,1,$32.74
Zillow Group (ZG),ZG,2018-10-08,F,5,$40.85
Advance Auto Parts (AAP),AAP,2018-10-09,D,2,$168.89
Clorox (CLX),CLX,2018-10-09,D,1,$150.30
Costco (COST),COST,2018-10-09,D,1,$224.17
Estee Lauder (EL),EL,2018-10-09,D,1,$140.33
Kohl's (KSS),KSS,2018-10-09,D,1,$70.94
McCormick (MKC),MKC,2018-10-09,D,1,$135.82
Nike (NKE),NKE,2018-10-09,D,1,$80.42
PPG Industries (PPG),PPG,2018-10-09,D,4,$98.56
Constellation Brands (STZ),STZ,2018-10-09,D,1,$226.27
TJX Companies (TJX),TJX,2018-10-09,D,1,$111.40
VF Corp (VFC),VFC,2018-10-09,D,1,$92.58
Advanced Micro Devices (AMD),AMD,2018-10-10,D,4,$25.00
Carnival (CCL),CCL,2018-10-10,I,1,$59.06
Campbell Soup (CPB),CPB,2018-10-10,D,2,$37.72
NVIDIA (NVDA),NVDA,2018-10-10,D,4,$245.69
PPG Industries (PPG),PPG,2018-10-10,D,4,$99.60
Starbucks (SBUX),SBUX,2018-10-10,D,1,$56.01
Starwood Property Trust (STWD),STWD,2018-10-10,I,1,$20.93
Autodesk (ADSK),ADSK,2018-10-11,D,1,$130.89
Clorox (CLX),CLX,2018-10-11,D,4,$142.18
Expedia (EXPE),EXPE,2018-10-11,D,1,$115.69
Idexx Laboratories (IDXX),IDXX,2018-10-11,D,1,$214.11
International Flavors and (IFF),IFF,2018-10-11,I,1,$132.63
Intuit (INTU),INTU,2018-10-11,D,1,$200.69
Intuitive Surgical (ISRG),ISRG,2018-10-11,D,1,$508.22
Lennar (LEN),LEN,2018-10-11,D,4,$43.31
Micron Technology (MU),MU,2018-10-11,D,4,$41.97
Procter & Gamble (PG),PG,2018-10-11,D,4,$78.87
PPG Industries (PPG),PPG,2018-10-11,D,4,$96.38
Sears Holdings (SHLD),SHLD,2018-10-11,D,5,$0.34
Take-Two Interactive (TTWO),TTWO,2018-10-11,D,1,$122.26
Abbott Laboratories (ABT),ABT,2018-10-12,D,1,$69.33
Bank of America (BAC),BAC,2018-10-12,D,2,$28.46
Citigroup (C),C,2018-10-12,F,1,$69.84
Canopy Growth (CGC),CGC,2018-10-12,I,1,$49.80
CSX (CSX),CSX,2018-10-12,D,4,$70.20
Honeywell (HON),HON,2018-10-12,D,1,$156.20
Johnson & Johnson (JNJ),JNJ,2018-10-12,D,1,$133.87
JPMorgan Chase (JPM),JPM,2018-10-12,F,2,$106.95
Lam Research (LRCX),LRCX,2018-10-12,D,4,$143.61
Netflix (NFLX),NFLX,2018-10-12,D,2,$339.56
Nucor (NUE),NUE,2018-10-12,D,2,$60.81
Okta (OKTA),OKTA,2018-10-12,I,1,$57.59
Procter & Gamble (PG),PG,2018-10-12,D,2,$79.06
PNC Financial (PNC),PNC,2018-10-12,F,4,$124.26
Schlumberger (SLB),SLB,2018-10-12,D,5,$59.33
United Continental (UAL),UAL,2018-10-12,D,1,$80.18
UnitedHealth Group (UNH),UNH,2018-10-12,D,1,$259.61
United Rentals (URI),URI,2018-10-12,D,2,$137.88
VF Corp (VFC),VFC,2018-10-12,D,1,$87.43
Wells Fargo (WFC),WFC,2018-10-12,F,2,$52.11
Anadarko Petroleum (APC),APC,2018-10-15,D,1,$67.63
Bank of America (BAC),BAC,2018-10-15,D,4,$27.92
Clorox (CLX),CLX,2018-10-15,D,2,$146.61
ConocoPhillips (COP),COP,2018-10-15,D,1,$73.27
EOG Resources (EOG),EOG,2018-10-15,D,1,$122.57
Kimberly-Clark (KMB),KMB,2018-10-15,D,2,$110.29
Marathon Petroleum (MPC),MPC,2018-10-15,D,1,$77.79
Procter & Gamble (PG),PG,2018-10-15,D,2,$80.13
Valero Energy (VLO),VLO,2018-10-15,D,1,$103.79
Yum! Brands (YUM),YUM,2018-10-15,F,1,$88.45
Centene (CNC),CNC,2018-10-16,F,1,$146.46
Domino's Pizza (DPZ),DPZ,2018-10-16,I,1,$259.63
Goldman Sachs (GS),GS,2018-10-16,D,1,$221.70
HCA Healthcare (HCA),HCA,2018-10-16,F,1,$135.50
IBM (IBM),IBM,2018-10-16,D,4,$145.12
Idexx Laboratories (IDXX),IDXX,2018-10-16,F,1,$225.79
Intuitive Surgical (ISRG),ISRG,2018-10-16,F,1,$542.91
Johnson & Johnson (JNJ),JNJ,2018-10-16,D,1,$136.56
Lam Research (LRCX),LRCX,2018-10-16,D,2,$145.27
Morgan Stanley (MS),MS,2018-10-16,D,1,$45.94
Netflix (NFLX),NFLX,2018-10-16,D,2,$346.40
United Continental (UAL),UAL,2018-10-16,D,1,$83.52
UnitedHealth Group (UNH),UNH,2018-10-16,F,1,$272.57
Boeing (BA),BA,2018-10-17,F,1,$365.50
CSX (CSX),CSX,2018-10-17,D,2,$70.71
First Horizon National (FHN),FHN,2018-10-17,I,1,$16.14
Home Depot (HD),HD,2018-10-17,D,4,$185.17
KB Home (KBH),KBH,2018-10-17,D,4,$20.90
Lowe's (LOW),LOW,2018-10-17,D,4,$102.44
Textron (TXT),TXT,2018-10-17,F,1,$64.78
United Continental (UAL),UAL,2018-10-17,F,1,$88.49
Union Pacific (UNP),UNP,2018-10-17,F,1,$149.89
Veeva Systems (VEEV),VEEV,2018-10-17,I,1,$95.54
Apple (AAPL),AAPL,2018-10-18,F,1,$216.02
Adobe Systems (ADBE),ADBE,2018-10-18,F,1,$250.35
Citigroup (C),C,2018-10-18,D,1,$68.62
Salesforce (CRM),CRM,2018-10-18,F,1,$142.84
Home Depot (HD),HD,2018-10-18,D,4,$180.44
Mastercard (MA),MA,2018-10-18,F,1,$203.62
Microsoft (MSFT),MSFT,2018-10-18,F,1,$108.50
Pepsico (PEP),PEP,2018-10-18,D,1,$107.93
United Continental (UAL),UAL,2018-10-18,D,1,$87.09
UnitedHealth Group (UNH),UNH,2018-10-18,D,1,$266.81
Advanced Micro Devices (AMD),AMD,2018-10-19,D,4,$23.66
Boeing (BA),BA,2018-10-19,D,1,$356.26
Caterpillar (CAT),CAT,2018-10-19,D,4,$131.32
Colgate-Palmolive (CL),CL,2018-10-19,D,4,$64.52
Comcast (CMCSA),CMCSA,2018-10-19,D,1,$35.98
Ford Motor (F),F,2018-10-19,D,4,$8.50
Funko (FNKO),FNKO,2018-10-19,F,1,$18.22
Hasbro (HAS),HAS,2018-10-19,D,4,$98.04
Intel (INTC),INTC,2018-10-19,D,4,$44.00
Kimberly-Clark (KMB),KMB,2018-10-19,D,1,$110.23
McDonald's (MCD),MCD,2018-10-19,D,1,$167.49
3M (MMM),MMM,2018-10-19,D,4,$199.85
Merck (MRK),MRK,2018-10-19,D,1,$72.35
PayPal (PYPL),PYPL,2018-10-19,I,1,$84.78
Smartsheet (SMAR),SMAR,2018-10-19,F,4,$24.41
AT&T (T),T,2018-10-19,D,1,$32.87
United Rentals (URI),URI,2018-10-19,F,4,$117.12
United Technologies (UTX),UTX,2018-10-19,D,2,$128.68
Visa (V),V,2018-10-19,D,1,$140.08
Apple (AAPL),AAPL,2018-10-22,D,4,$220.65
Rockwell Collins (COL),COL,2018-10-22,D,4,$130.50
Dollar General (DG),DG,2018-10-22,D,2,$110.02
Meta (FB),FB,2018-10-22,D,2,$154.78
Hasbro (HAS),HAS,2018-10-22,I,1,$95.01
IBM (IBM),IBM,2018-10-22,F,2,$130.02
Kimberly-Clark (KMB),KMB,2018-10-22,D,4,$106.40
Mattel (MAT),MAT,2018-10-22,D,5,$14.10
Micron Technology (MU),MU,2018-10-22,D,4,$39.76
Netflix (NFLX),NFLX,2018-10-22,D,2,$329.54
Starbucks (SBUX),SBUX,2018-10-22,D,4,$58.90
VF Corp (VFC),VFC,2018-10-22,F,1,$77.60
Walmart (WMT),WMT,2018-10-22,D,2,$97.14
Caterpillar (CAT),CAT,2018-10-23,D,1,$118.98
Logitech International (LOGI),LOGI,2018-10-23,I,1,$36.17
Southwest Airlines (LUV),LUV,2018-10-23,D,1,$57.48
McDonald's (MCD),MCD,2018-10-23,D,1,$177.15
3M (MMM),MMM,2018-10-23,D,4,$192.55
Pulte Homes (PHM),PHM,2018-10-23,F,4,$22.40
Verizon (VZ),VZ,2018-10-23,D,1,$57.21
Workday (WDAY),WDAY,2018-10-23,I,1,$128.78
Boeing (BA),BA,2018-10-24,D,1,$354.65
General Dynamics (GD),GD,2018-10-24,D,4,$173.24
iRobot (IRBT),IRBT,2018-10-24,D,4,$80.49
Illinois Tool Works (ITW),ITW,2018-10-24,D,4,$119.83
Kimberly-Clark (KMB),KMB,2018-10-24,D,4,$105.21
Eli Lilly (LLY),LLY,2018-10-24,D,1,$106.32
Merck (MRK),MRK,2018-10-24,D,4,$70.54
Procter & Gamble (PG),PG,2018-10-24,D,1,$89.46
Constellation Brands (STZ),STZ,2018-10-24,I,1,$212.18
AT&T (T),T,2018-10-24,D,4,$30.36
Texas Instruments (TXN),TXN,2018-10-24,D,4,$92.01
Verizon (VZ),VZ,2018-10-24,D,1,$57.42
Centene (CNC),CNC,2018-10-25,I,1,$131.45
Nucor (NUE),NUE,2018-10-25,F,5,$57.72
Visa (V),V,2018-10-25,I,1,$140.52
Columbia Sportswear (COLM),COLM,2018-10-29,I,1,$89.80
Salesforce (CRM),CRM,2018-10-29,I,2,$130.99
IBM (IBM),IBM,2018-10-29,I,2,$119.64
Red Hat (RHT),RHT,2018-10-29,I,2,$169.63
General Electric (GE),GE,2018-10-30,D,4,$10.18
Kemet (KEM),KEM,2018-10-30,I,1,$20.54
Mastercard (MA),MA,2018-10-30,D,2,$187.73
Masco (MAS),MAS,2018-10-30,D,2,$29.50
MyoKardia (MYOK),MYOK,2018-10-30,I,1,$50.45
NVIDIA (NVDA),NVDA,2018-10-30,D,2,$203.00
American Electric Power (AEP),AEP,2018-10-31,I,1,$73.36
Clorox (CLX),CLX,2018-10-31,I,1,$148.45
Meta (FB),FB,2018-10-31,D,1,$151.79
Masco (MAS),MAS,2018-10-31,F,1,$30.00
Netflix (NFLX),NFLX,2018-10-31,D,1,$301.78
Wingstop (WING),WING,2018-10-31,I,1,$62.62
Apple (AAPL),AAPL,2018-11-01,D,1,$222.22
AbbVie (ABBV),ABBV,2018-11-01,D,4,$80.21
Allergan (AGN),AGN,2018-11-01,D,4,$164.46
Baxter International (BAX),BAX,2018-11-01,D,4,$63.07
Bristol-Myers Squibb (BMY),BMY,2018-11-01,D,4,$52.13
Federal Realty Investment (FRT),FRT,2018-11-01,I,1,$124.29
Gilead Sciences (GILD),GILD,2018-11-01,D,4,$70.31
GW Pharmaceuticals (GWPH),GWPH,2018-11-01,I,1,$147.25
Proofpoint (PFPT),PFPT,2018-11-01,I,1,$93.51
Starbucks (SBUX),SBUX,2018-11-01,D,2,$58.63
Apple (AAPL),AAPL,2018-11-02,F,1,$207.48
CVS Health (CVS),CVS,2018-11-02,D,1,$73.09
Walt Disney (DIS),DIS,2018-11-02,D,1,$115.18
Etsy (ETSY),ETSY,2018-11-02,D,1,$42.84
Humana (HUM),HUM,2018-11-02,D,2,$323.05
Kraft Heinz (KHC),KHC,2018-11-02,D,4,$50.73
Kimberly-Clark (KMB),KMB,2018-11-02,D,4,$105.48
Marriott International (MAR),MAR,2018-11-02,D,4,$120.93
McDonald's (MCD),MCD,2018-11-02,F,1,$176.75
Qualcomm (QCOM),QCOM,2018-11-02,D,4,$63.33
Ralph Lauren (RL),RL,2018-11-02,D,1,$134.03
Starbucks (SBUX),SBUX,2018-11-02,D,1,$64.32
Take-Two Interactive (TTWO),TTWO,2018-11-02,D,1,$128.37
Twilio (TWLO),TWLO,2018-11-02,D,1,$74.32
Wendy's (WEN),WEN,2018-11-02,D,2,$17.00
Wynn Resorts (WYNN),WYNN,2018-11-02,D,4,$111.69
Apple (AAPL),AAPL,2018-11-05,D,1,$201.59
Eros International (EROS),EROS,2018-11-05,M,2,$10.04
Fox Factory (FOXF),FOXF,2018-11-05,M,1,$65.16
General Electric (GE),GE,2018-11-05,D,4,$9.28
Halliburton (HAL),HAL,2018-11-05,D,4,$35.75
IBM (IBM),IBM,2018-11-05,D,1,$120.06
JPMorgan Chase (JPM),JPM,2018-11-05,D,2,$109.09
Allscripts Healthcare (MDRX),MDRX,2018-11-05,M,5,$9.89
New York Times (NYT),NYT,2018-11-05,F,1,$27.99
Schlumberger (SLB),SLB,2018-11-05,D,4,$51.96
Symantec (SYMC),SYMC,2018-11-05,F,1,$20.02
Weatherford International (WFT),WFT,2018-11-05,D,4,$1.27
Apple (AAPL),AAPL,2018-11-06,F,1,$203.77
American Electric Power (AEP),AEP,2018-11-06,D,2,$74.45
Cemig (CIG),CIG,2018-11-06,D,2,$3.03
Clorox (CLX),CLX,2018-11-06,D,2,$158.10
HCA Healthcare (HCA),HCA,2018-11-06,D,2,$135.24
Lockheed Martin (LMT),LMT,2018-11-06,D,2,$306.56
Northrop Grumman (NOC),NOC,2018-11-06,D,2,$282.74
Nucor (NUE),NUE,2018-11-06,I,2,$62.43
RingCentral (RNG),RNG,2018-11-06,I,1,$75.84
Raytheon (RTN),RTN,2018-11-06,D,2,$184.80
UnitedHealth Group (UNH),UNH,2018-11-06,D,2,$263.54
Apple (AAPL),AAPL,2018-11-07,D,1,$209.95
Advanced Micro Devices (AMD),AMD,2018-11-07,D,1,$21.84
Angi (ANGI),ANGI,2018-11-07,I,1,$19.08
CDK Global (CDK),CDK,2018-11-07,I,1,$52.95
Canopy Growth (CGC),CGC,2018-11-07,D,1,$46.07
Tableau Software (DATA),DATA,2018-11-07,D,1,$121.16
Etsy (ETSY),ETSY,2018-11-07,I,1,$50.01
Humana (HUM),HUM,2018-11-07,D,1,$353.98
New Relic (NEWR),NEWR,2018-11-07,D,1,$96.11
Twilio (TWLO),TWLO,2018-11-07,D,1,$96.19
UnitedHealth Group (UNH),UNH,2018-11-07,D,1,$274.63
Apple (AAPL),AAPL,2018-11-08,D,1,$208.49
DowDuPont (DWDP),DWDP,2018-11-08,I,1,$59.44
Mastercard (MA),MA,2018-11-08,D,2,$208.86
Norwegian Cruise Line (NCLH),NCLH,2018-11-08,I,1,$49.27
Take-Two Interactive (TTWO),TTWO,2018-11-08,I,1,$119.14
Visa (V),V,2018-11-08,D,2,$145.23
Applied Materials (AMAT),AMAT,2018-11-09,D,1,$34.28
Amgen (AMGN),AMGN,2018-11-09,F,1,$193.16
Crocs (CROX),CROX,2018-11-09,F,1,$25.37
Cisco Systems (CSCO),CSCO,2018-11-09,D,1,$47.11
Funko (FNKO),FNKO,2018-11-09,I,1,$15.67
Canada Goose (GOOS),GOOS,2018-11-09,D,1,$59.99
Home Depot (HD),HD,2018-11-09,D,1,$185.99
Nordstrom (JWN),JWN,2018-11-09,D,2,$65.46
Macy's (M),M,2018-11-09,D,4,$37.78
NVIDIA (NVDA),NVDA,2018-11-09,D,1,$205.67
Tilray (TLRY),TLRY,2018-11-09,D,2,$108.99
Viacom (VIAB),VIAB,2018-11-09,D,2,$32.10
Walmart (WMT),WMT,2018-11-09,D,1,$105.56
Anheuser-Busch InBev (BUD),BUD,2018-11-12,D,1,$78.30
FireEye (FEYE),FEYE,2018-11-12,I,1,$17.67
General Electric (GE),GE,2018-11-12,D,4,$7.84
Starbucks (SBUX),SBUX,2018-11-12,I,1,$67.91
Bausch Health (BHC),BHC,2018-11-13,F,1,$23.50
Home Depot (HD),HD,2018-11-13,F,1,$173.59
Micron Technology (MU),MU,2018-11-13,D,4,$36.83
Skyworks Solutions (SWKS),SWKS,2018-11-13,D,4,$70.76
Zebra Technologies (ZBRA),ZBRA,2018-11-13,I,1,$169.41
Cisco Systems (CSCO),CSCO,2018-11-14,I,1,$45.75
CVS Health (CVS),CVS,2018-11-14,D,2,$78.55
Home Depot (HD),HD,2018-11-14,D,2,$173.59
Six Flags (SIX),SIX,2018-11-14,I,2,$59.80
Survey Monkey (SVMK),SVMK,2018-11-14,I,1,$12.99
Twilio (TWLO),TWLO,2018-11-14,F,2,$76.90
General Electric (GE),GE,2018-11-15,F,4,$7.84
Activision Blizzard (ATVI),ATVI,2018-11-16,D,4,$49.14
Deere & Company (DE),DE,2018-11-16,D,5,$142.57
Electronic Arts (EA),EA,2018-11-16,D,4,$83.04
Intuit (INTU),INTU,2018-11-16,D,2,$199.24
Coca-Cola (KO),KO,2018-11-16,I,2,$50.51
Kohl's (KSS),KSS,2018-11-16,D,1,$71.00
L Brands (LB),LB,2018-11-16,D,2,$34.55
Lowe's (LOW),LOW,2018-11-16,D,4,$91.35
Medtronic (MDT),MDT,2018-11-16,D,2,$90.37
Palo Alto Networks (PANW),PANW,2018-11-16,D,1,$163.44
Raytheon (RTN),RTN,2018-11-16,D,1,$176.44
TJX Companies (TJX),TJX,2018-11-16,D,2,$48.96
TPI Composites (TPIC),TPIC,2018-11-16,D,5,$24.09
Take-Two Interactive (TTWO),TTWO,2018-11-16,D,1,$106.00
USA Technologies (USAT),USAT,2018-11-16,D,4,$5.01
Apple (AAPL),AAPL,2018-11-19,D,4,$185.86
Boot Barn (BOOT),BOOT,2018-11-19,I,1,$20.71
Salesforce (CRM),CRM,2018-11-19,D,4,$121.01
Molson Coors (TAP),TAP,2018-11-19,F,1,$66.39
Yeti Holdings (YETI),YETI,2018-11-19,F,1,$17.57
Apple (AAPL),AAPL,2018-11-20,D,4,$176.98
American Electric Power (AEP),AEP,2018-11-20,D,4,$77.82
CenturyLink (CTL),CTL,2018-11-20,F,5,$18.49
IBM (IBM),IBM,2018-11-20,D,4,$117.20
Kohl's (KSS),KSS,2018-11-26,F,1,$65.67
Macy's (M),M,2018-11-26,F,1,$32.56
Planet Fitness (PLNT),PLNT,2018-11-26,I,1,$54.37
Target (TGT),TGT,2018-11-26,F,1,$69.25
United Technologies (UTX),UTX,2018-11-26,F,1,$127.98
Salesforce (CRM),CRM,2018-11-27,I,1,$127.54
Five Below (FIVE),FIVE,2018-11-27,F,1,$101.35
Canada Goose (GOOS),GOOS,2018-11-27,F,1,$62.82
Constellation Brands (STZ),STZ,2018-11-27,F,1,$195.80
Apple (AAPL),AAPL,2018-11-28,D,2,$180.94
Ball Corp (BLL),BLL,2018-11-28,D,1,$49.59
Salesforce (CRM),CRM,2018-11-28,D,2,$140.64
DXC Technology (DXC),DXC,2018-11-28,F,5,$62.36
Linde (LIN),LIN,2018-11-28,F,1,$156.29
Qualcomm (QCOM),QCOM,2018-11-28,I,1,$56.65
Spirit Airlines (SAVE),SAVE,2018-11-28,D,1,$62.43
CVS Health (CVS),CVS,2018-11-29,D,1,$80.00
Dollar Tree (DLTR),DLTR,2018-11-29,I,1,$88.43
McDonald's (MCD),MCD,2018-11-29,D,1,$189.26
PVH Corp (PVH),PVH,2018-11-29,I,1,$109.77
Constellation Brands (STZ),STZ,2018-11-29,D,1,$196.21
Broadcom (AVGO),AVGO,2018-11-30,D,4,$237.41
AutoZone (AZO),AZO,2018-11-30,D,1,$809.07
Coupa Software (COUP),COUP,2018-11-30,D,1,$64.43
Dollar General (DG),DG,2018-11-30,D,1,$110.99
Five Below (FIVE),FIVE,2018-11-30,D,1,$104.79
Government Properties Inc (GOV),GOV,2018-11-30,M,5,$8.80
HD Supply (HDS),HDS,2018-11-30,D,4,$39.90
KAR Auction Services (KAR),KAR,2018-11-30,I,1,$57.14
Kroger (KR),KR,2018-11-30,D,4,$29.66
Lululemon Athletica (LULU),LULU,2018-11-30,D,2,$132.55
RH (RH),RH,2018-11-30,D,1,$116.14
Snap (SNAP),SNAP,2018-11-30,F,5,$6.51
Toll Brothers (TOL),TOL,2018-11-30,D,4,$32.97
TransEnterix (TRXC),TRXC,2018-11-30,M,1,$3.11
Ulta Beauty (ULTA),ULTA,2018-11-30,D,1,$297.79
Apple (AAPL),AAPL,2018-12-03,D,1,$184.82
American Express (AXP),AXP,2018-12-03,D,1,$112.36
Boeing (BA),BA,2018-12-03,D,1,$359.96
Caterpillar (CAT),CAT,2018-12-03,D,1,$138.95
Clorox (CLX),CLX,2018-12-03,D,1,$165.29
Cummins (CMI),CMI,2018-12-03,D,1,$152.47
CVS Health (CVS),CVS,2018-12-03,D,1,$79.52
Deere & Company (DE),DE,2018-12-03,D,1,$162.21
Groupon (GRPN),GRPN,2018-12-03,I,1,$3.12
Johnson & Johnson (JNJ),JNJ,2018-12-03,D,1,$146.21
Kimberly-Clark (KMB),KMB,2018-12-03,D,1,$113.19
Coca-Cola (KO),KO,2018-12-03,D,1,$49.69
Mastercard (MA),MA,2018-12-03,D,1,$209.86
McDonald's (MCD),MCD,2018-12-03,D,1,$185.37
Nike (NKE),NKE,2018-12-03,D,1,$77.94
NXP Semiconductors (NXPI),NXPI,2018-12-03,D,2,$85.67
Pepsico (PEP),PEP,2018-12-03,D,2,$118.98
Starbucks (SBUX),SBUX,2018-12-03,D,1,$67.50
Visa (V),V,2018-12-03,D,1,$145.00
Coupa Software (COUP),COUP,2018-12-04,I,1,$61.00
General Motors (GM),GM,2018-12-04,D,4,$36.52
Marathon Petroleum (MPC),MPC,2018-12-04,I,1,$63.34
Anaplan (PLAN),PLAN,2018-12-04,I,1,$27.66
Toll Brothers (TOL),TOL,2018-12-04,D,4,$32.99
Costco (COST),COST,2018-12-06,D,1,$233.20
Kroger (KR),KR,2018-12-06,D,2,$29.56
Ollie's Bargain Outlet (OLLI),OLLI,2018-12-06,I,1,$71.90
U.S. Concrete (USCR),USCR,2018-12-06,I,1,$38.11
Yum! Brands (YUM),YUM,2018-12-06,I,1,$91.50
Apple (AAPL),AAPL,2018-12-10,D,1,$169.60
Moderna (MRNA),MRNA,2018-12-10,F,1,$0.31
Splunk (SPLK),SPLK,2018-12-10,I,1,$108.40
Tech Data (TECD),TECD,2018-12-10,I,1,$86.56
Apple (AAPL),AAPL,2018-12-11,D,4,$168.63
Advanced Micro Devices (AMD),AMD,2018-12-11,D,4,$19.98
Canopy Growth (CGC),CGC,2018-12-11,D,1,$33.16
Centene (CNC),CNC,2018-12-11,D,1,$132.83
Cronos Group (CRON),CRON,2018-12-11,D,4,$12.82
Cisco Systems (CSCO),CSCO,2018-12-11,D,1,$47.09
CyberArk Software (CYBR),CYBR,2018-12-11,D,1,$76.81
FireEye (FEYE),FEYE,2018-12-11,D,1,$18.86
Masimo (MASI),MASI,2018-12-11,I,1,$109.09
Altria (MO),MO,2018-12-11,D,4,$53.95
NVIDIA (NVDA),NVDA,2018-12-11,D,4,$148.19
Palo Alto Networks (PANW),PANW,2018-12-11,D,1,$184.42
Splunk (SPLK),SPLK,2018-12-11,D,1,$106.29
Constellation Brands (STZ),STZ,2018-12-11,D,1,$188.77
AT&T (T),T,2018-12-11,D,1,$29.70
Tech Data (TECD),TECD,2018-12-11,D,1,$85.09
VMware (VMW),VMW,2018-12-11,D,1,$164.50
Workday (WDAY),WDAY,2018-12-11,D,1,$162.94
Apple (AAPL),AAPL,2018-12-12,D,1,$169.10
American Express (AXP),AXP,2018-12-12,D,1,$107.48
Dollar Tree (DLTR),DLTR,2018-12-12,D,1,$84.58
Meta (FB),FB,2018-12-12,F,1,$144.50
FireEye (FEYE),FEYE,2018-12-12,I,1,$19.52
Lam Research (LRCX),LRCX,2018-12-12,D,1,$138.45
Mastercard (MA),MA,2018-12-12,D,1,$200.29
RH (RH),RH,2018-12-12,D,1,$136.10
Signet Jewelers (SIG),SIG,2018-12-12,I,1,$34.46
Snap (SNAP),SNAP,2018-12-12,D,4,$5.91
Twitter (TWTR),TWTR,2018-12-12,D,4,$36.25
Visa (V),V,2018-12-12,D,1,$137.80
Wix.com (WIX),WIX,2018-12-12,I,1,$88.67
Xilinx (XLNX),XLNX,2018-12-12,D,1,$90.54
Adobe Systems (ADBE),ADBE,2018-12-13,I,1,$248.08
Clorox (CLX),CLX,2018-12-13,D,2,$165.08
FedEx (FDX),FDX,2018-12-13,D,4,$187.18
Goldman Sachs (GS),GS,2018-12-13,D,4,$175.92
Procter & Gamble (PG),PG,2018-12-13,D,2,$96.49
Tencent Music (TME),TME,2018-12-13,F,4,$13.51
Adobe Systems (ADBE),ADBE,2018-12-14,D,1,$230.00
Advanced Micro Devices (AMD),AMD,2018-12-14,D,1,$19.90
Broadcom (AVGO),AVGO,2018-12-14,D,1,$254.83
Centene (CNC),CNC,2018-12-14,I,1,$127.53
Costco (COST),COST,2018-12-14,D,1,$207.06
Darden Restaurants (DRI),DRI,2018-12-14,D,2,$103.20
FedEx (FDX),FDX,2018-12-14,D,4,$184.11
IBM (IBM),IBM,2018-12-14,D,2,$119.90
Johnson & Johnson (JNJ),JNJ,2018-12-14,D,1,$133.00
Carmax (KMX),KMX,2018-12-14,D,4,$61.21
Micron Technology (MU),MU,2018-12-14,D,4,$34.20
Nike (NKE),NKE,2018-12-14,D,1,$72.53
Okta (OKTA),OKTA,2018-12-14,I,1,$66.81
Oracle (ORCL),ORCL,2018-12-14,D,4,$46.60
Red Hat (RHT),RHT,2018-12-14,D,4,$176.50
Starbucks (SBUX),SBUX,2018-12-14,I,1,$65.34
Goldman Sachs (GS),GS,2018-12-17,D,1,$168.01
Johnson & Johnson (JNJ),JNJ,2018-12-17,I,1,$129.14
Starbucks (SBUX),SBUX,2018-12-17,I,1,$64.47
Boeing (BA),BA,2018-12-18,I,1,$328.06
Goldman Sachs (GS),GS,2018-12-18,D,2,$171.50
Johnson & Johnson (JNJ),JNJ,2018-12-18,D,2,$130.42
Trex (TREX),TREX,2018-12-18,I,1,$58.56
Walmart (WMT),WMT,2018-12-18,I,1,$91.08
Apple (AAPL),AAPL,2018-12-19,D,4,$160.89
Allergan (AGN),AGN,2018-12-19,D,2,$136.56
Meta (FB),FB,2018-12-19,D,1,$133.24
Goldman Sachs (GS),GS,2018-12-19,D,2,$169.25
Johnson & Johnson (JNJ),JNJ,2018-12-19,D,1,$127.61
Eli Lilly (LLY),LLY,2018-12-19,I,1,$109.11
Micron Technology (MU),MU,2018-12-19,I,4,$31.41
Accenture (ACN),ACN,2018-12-20,D,4,$143.50
Carnival (CCL),CCL,2018-12-20,D,4,$49.79
General Electric (GE),GE,2018-12-20,F,4,$7.44
Paychex (PAYX),PAYX,2018-12-20,I,1,$64.96
